district,province,division,headquarters,area_sq_km,population_2023,population_2017,population_1998,population_density_per_sq_km,literacy_rate_pct
Awaran,Balochistan,Lasbela,Awaran,29510,178958,121821,118173,6.0,39.97
Barkhan,Balochistan,Koh e Sulaiman,Barkhan,3514,210249,171025,103545,59.83,33.62
Barshore,Balochistan,Pishin,Barshore,2288,141994,,,62.06,37.61
Chagai,Balochistan,Rakhshan,Dalbandin,19338,219308,226517,104534,11.3,33.15
Chaman,Balochistan,Pishin,Chaman,1341,466218,434561,151854,347.7,39.97
Dera Bugti,Balochistan,Sibi,Dera Bugti,3839,190191,313110,181310,30.0,25.9
Duki,Balochistan,Loralai,"Duki, Pakistan",4233,205044,152977,115976,48.44,44.18
Gwadar,Balochistan,Makran,Gwadar,12637,305160,262253,185498,24.14,50.3
Harnai,Balochistan,Sibi,Harnai,3301,189535,97052,76652,57.4,43.37
Hub,Balochistan,Lasbela,Hub,6716,382885,339640,163194,57.0,51.07
Jafarabad,Balochistan,Nasirabad,Dera Allahyar,690,302498,513972,291290,361.1,35.53
Jhal Magsi,Balochistan,Nasirabad,Gandava,3615,203368,148900,109941,56.2,30.14
Kacchi,Balochistan,Sibi,Dhadar,5682,442674,,,77.9,30.2
Kalat,Balochistan,Khuzdar,Kalat,7654,272506,412058,237834,35.6,39.97
Kech,Balochistan,Makran,Turbat,19138,857118,907182,413204,44.78,49.65
Kharan,Balochistan,Rakhshan,Kharan,14958,260352,162766,96900,17.4,41.07
Khuzdar,Balochistan,Khuzdar,Khuzdar,10747,428037,798896,417466,39.8,36.4
Killa Saifullah,Balochistan,Zhob,Killa Saifullah,6831,380200,,,55.7,32.96
Kohlu,Balochistan,Koh e Sulaiman,Kohlu,7610,260220,213933,99846,34.2,28.53
Lasbela,Balochistan,Lasbela,Lasbela,11694,334472,576271,312695,28.6,36.4
Loralai,Balochistan,Loralai,Loralai,3785,398832,244446,134171,105.4,54.16
Mastung,Balochistan,Quetta,Mastung,5896,313271,265676,150039,94.7,35.97
Musakhel,Balochistan,Loralai,Musakhel,5728,182275,167243,134056,31.82,36.6
Nasirabad,Balochistan,Nasirabad,Dera Murad Jamali,3387,563315,487847,245894,166.1,28.96
Nushki,Balochistan,Rakhshan,Nushki,5797,207834,178947,98030,35.9,57.12
Panjgur,Balochistan,Makran,Panjgur,16891,509781,315353,234051,30.18,42.07
Pishin,Balochistan,Pishin,Pishin,6218,835482,736903,367183,134.6,51.07
Qila Abdullah,Balochistan,Pishin,Jungle Pir Alizai,3553,361971,323793,218415,102.3,36.4
Quetta East,Balochistan,Quetta,Quetta,3447,2595492,2269473,774547,754.3,56.29
Quetta West,Balochistan,Quetta,Quetta,3308,313271,2269473,774547,94.7,35.97
Sherani,Balochistan,Zhob,Sherani,4310,191687,152952,81684,44.5,23.86
Sibi,Balochistan,Sibi,Sibi,7121,224148,179751,136322,31.5,47.41
Sohbatpur,Balochistan,Nasirabad,Sohbatpur,802,240106,200426,141527,299.6,41.02
Surab,Balochistan,Khuzdar,Surab,4783,429966,200857,93401,89.8,43.41
Taftan,Balochistan,Rakhshan,Taftan,37073,105469,,,2.8,41.07
Upper Dera Bugti,Balochistan,Koh e Sulaiman,Baiker,6321,165083,313110,181310,30.0,25.9
Usta Muhammad,Balochistan,Nasirabad,Usta Muhammad,953,292060,263202,,280,35.53
Wadh,Balochistan,Khuzdar,Wadh,17355,381599,,,21.9,51.07
Washuk,Balochistan,Rakhshan,Washuk,21430,247038,175712,110009,9.1,21.58
Zhob,Balochistan,Zhob,Zhob,15987,355692,310354,193458,22.2,36.62
Ziarat,Balochistan,Loralai,Ziarat,3301,189535,160095,80748,57.4,43.37
Islamabad,Islamabad Capital Territory,Islamabad,Islamabad,906,2363863,2003368,805235,2609.12,84.0
Abbottabad,Khyber Pakhtunkhwa,Hazara,Abbottabad,1967,1419072,1332912,880666,721.6,77.34
Allai,Khyber Pakhtunkhwa,Hazara,Allai Valley,804,218149,180414,,271.33,25.71
Bajaur,Khyber Pakhtunkhwa,Malakand,Khar,1290,1287960,1093684,595227,998.4,26.26
Bannu,Khyber Pakhtunkhwa,Bannu,Bannu,1972,1357890,1211006,695260,688.6,41.75
Battagram,Khyber Pakhtunkhwa,Hazara,Battagram,497,335984,296198,307278,676.02,31.2
Buner,Khyber Pakhtunkhwa,Malakand,Daggar,1865,1016869,897319,506048,545.1,43.75
Central Dir District,Khyber Pakhtunkhwa,Malakand,Wari,1483,595227,595227,,401.4,48.26
Charsadda,Khyber Pakhtunkhwa,Peshawar,Charsadda,996,1835504,1616198,1022364,1843.1,53.94
Dera Ismail Khan,Khyber Pakhtunkhwa,Dera Ismail Khan,Dera Ismail Khan,7677,1423344,1695688,891985,185.4,35.67
Hangu,Khyber Pakhtunkhwa,Kohat,Hangu,1097,528902,518798,314529,482.3,43.15
Haripur,Khyber Pakhtunkhwa,Hazara,Haripur,1725,1174783,1003031,692228,681.3,74.88
Karak,Khyber Pakhtunkhwa,Kohat,Karak,3372,815878,706299,430796,241.9,65.36
Khyber,Khyber Pakhtunkhwa,Peshawar,Landi Kotal,2576,1146267,986973,546730,445.0,38.45
Kohat,Khyber Pakhtunkhwa,Kohat,Kohat,2991,1234661,1112452,651100,412.9,58.55
Kolai Palas,Khyber Pakhtunkhwa,Hazara,Kolai,1410,280162,275461,165613,198.7,18.8
Kurram,Khyber Pakhtunkhwa,Kohat,Parachinar,3380,785434,619553,430796,232.4,35.22
Lakki Marwat,Khyber Pakhtunkhwa,Bannu,Lakki Marwat,3296,1040856,902541,,315.8,48.47
Lower Chitral,Khyber Pakhtunkhwa,Malakand,Chitral,6458,320407,278122,184874,49.6,66.1
Lower Dir,Khyber Pakhtunkhwa,Malakand,Timergara,1583,1650183,1435917,717649,1042.4,57.36
Lower Kohistan,Khyber Pakhtunkhwa,Hazara,Pattan,642,340017,202913,122211,529.5,22.05
Lower South Waziristan,Khyber Pakhtunkhwa,Dera Ismail Khan,Wana,3805,307851,307851,,80.9,20.96
Malakand,Khyber Pakhtunkhwa,Malakand,Batkhela,952,826250,720295,452291,868.1,
Mansehra,Khyber Pakhtunkhwa,Hazara,Mansehra,4125,1797177,1556460,978157,435.6,63.79
Mardan,Khyber Pakhtunkhwa,Mardan,Mardan,1632,2744898,2373061,1460100,1681.4,55.79
Mohmand,Khyber Pakhtunkhwa,Peshawar,Ghalanai,2296,553933,466984,334453,241.2,31.28
North Waziristan,Khyber Pakhtunkhwa,Bannu,Miranshah,4707,693332,543254,361246,147.3,32.82
Nowshera,Khyber Pakhtunkhwa,Peshawar,Nowshera,1748,1740705,1518540,874373,995.8,56.78
Orakzai,Khyber Pakhtunkhwa,Kohat,Kalaya,1538,387561,254356,225441,252.0,33.57
Paharpur,Khyber Pakhtunkhwa,Dera Ismail Khan,Paharpur,1657,406467,,,245.3,48.86
Peshawar,Khyber Pakhtunkhwa,Peshawar,Peshawar,1518,4758762,4333770,2080692,3135.6,53.28
Shangla,Khyber Pakhtunkhwa,Malakand,Alpuri,1586,891252,757810,434563,562.0,33.74
Swabi,Khyber Pakhtunkhwa,Mardan,Swabi,1543,1894600,1624616,1026804,1228.0,58.48
Swat,Khyber Pakhtunkhwa,Malakand,Saidu Sharif,1362,1557030,2309570,1257602,1143.1,58.13
Tank,Khyber Pakhtunkhwa,Dera Ismail Khan,Tank,2900,470293,428274,265432,162.2,40.67
Torghar,Khyber Pakhtunkhwa,Hazara,Judba,454,200445,171395,174682,441.6,29.74
Upper Chitral,Khyber Pakhtunkhwa,Malakand,Booni,8392,195528,169240,133815,23.3,73.83
Upper Dir,Khyber Pakhtunkhwa,Malakand,Dir,2216,488339,946421,575858,220.3,46.77
Upper Kohistan,Khyber Pakhtunkhwa,Hazara,Dasu,5440,422947,306337,184746,77.8,19.05
Upper South Waziristan,Khyber Pakhtunkhwa,Dera Ismail Khan,Spinkai,2815,367364,367364,,130.5,38.27
Upper Swat,Khyber Pakhtunkhwa,Malakand,Matta,3975,1130354,2309570,1257602,284.3,41.47
Attock,Punjab,Rawalpindi,Attock,6858,2170423,1886378,1274935,316.7,80.22
Bahawalnagar,Punjab,Bahawalpur,Bahawalnagar,8878,3550342,2975656,2061447,399.6,67.01
Bahawalpur,Punjab,Bahawalpur,Bahawalpur,24830,4284964,3669176,2433091,172.3,63.35
Bhakkar,Punjab,Sargodha,Bhakkar,8153,1957470,1647852,1051456,240.5,65.68
Chakwal,Punjab,Rawalpindi,Chakwal,6524,1734854,1495463,,266.2,87.79
Chiniot,Punjab,Faisalabad,Chiniot,2643,1563024,1368659,965124,591.3,65.05
Dera Ghazi Khan,Punjab,Dera Ghazi Khan,Dera Ghazi Khan,11922,3393705,2872631,1643118,285.8,56.78
Faisalabad,Punjab,Faisalabad,Faisalabad,5856,9075819,7882444,5429547,1551.7,83.41
Gujranwala,Punjab,Gujranwala,Gujranwala,2426,4966338,4180670,2112474,2045.4,86.77
Gujrat,Punjab,Gujrat,Gujrat,3192,3219375,2756289,2048008,1007.0,91.37
Hafizabad,Punjab,Gujrat,Hafizabad,2367,1319909,1156954,832980,557.0,75.77
Jhang,Punjab,Faisalabad,Jhang,6166,3065639,2742633,1869421,497.6,69.45
Jhelum,Punjab,Rawalpindi,Jhelum,3587,1382308,1222403,,385.7,90.65
Kasur,Punjab,Lahore,Kasur,3995,4084286,3454881,2375875,1021.4,72.85
Khanewal,Punjab,Multan,Khanewal,4349,3364077,2920233,2068490,774.3,70.97
Khushab,Punjab,Sargodha,Jauharabad,6511,1501089,1280372,905711,230.8,72.52
Kot Addu,Punjab,Dera Ghazi Khan,Kot Addu,3471,1486758,1347501,808438,428.34,58.19
Lahore,Punjab,Lahore,Lahore,1772,13004135,11119985,6318745,7336.6,89.62
Layyah,Punjab,Dera Ghazi Khan,Layyah,6289,2102386,1823995,1120951,334.5,71.83
Lodhran,Punjab,Multan,Lodhran,2778,1928299,1699693,1171800,693.5,61.68
Mandi Bahauddin,Punjab,Gujrat,Mandi Bahauddin,2673,1829486,1594039,1160552,683.1,80.27
Mianwali,Punjab,Sargodha,Mianwali,5840,1798268,1542601,1056620,307.4,72.87
Multan,Punjab,Multan,Multan,3720,5362305,4746166,3116851,1441.1,71.41
Murree,Punjab,Rawalpindi,Murree,738,372947,352329,,480,84.79
Muzaffargarh,Punjab,Dera Ghazi Khan,Muzaffargarh,4778,3528567,4328549,1827465,738.5,43.74
Nankana Sahib,Punjab,Lahore,Nankana Sahib,2216,1634871,1354986,1044865,737.0,73.12
Narowal,Punjab,Gujranwala,Narowal,2337,1950954,1707575,1265097,834.3,85.28
Okara,Punjab,Sahiwal,Okara,4377,3515490,3040826,2232992,802.2,70.25
Pakpattan,Punjab,Sahiwal,Pakpattan,2724,2136170,1824228,1286680,785.3,67.13
Rahim Yar Khan,Punjab,Bahawalpur,Rahim Yar Khan,11880,5564703,4807762,3141053,468.2,57.94
Rajanpur,Punjab,Dera Ghazi Khan,Rajanpur,12319,2381049,1996039,1103618,193.3,46.09
Rawalpindi,Punjab,Rawalpindi,Rawalpindi,4547,5745964,5402380,3363911,1868.79,93.22
Sahiwal,Punjab,Sahiwal,Sahiwal,3201,2881811,2513011,1843194,900.6,74.77
Sargodha,Punjab,Sargodha,Sargodha,5854,4334448,3696212,2665979,740.1,76.73
Sheikhupura,Punjab,Lahore,Sheikhupura,3744,4049418,3460004,2276164,1080.3,78.88
Sialkot,Punjab,Gujranwala,Sialkot,3016,4499394,3894938,2723481,1492.5,88.37
Talagang,Punjab,Rawalpindi,Talagang,2932,602246,527756,401607,226.33,75.5
Toba Tek Singh,Punjab,Faisalabad,Toba Tek Singh,3252,2524044,2191495,1621593,776.2,81.38
Vehari,Punjab,Multan,Vehari,4364,3430421,2902081,2090416,787.7,69.1
Wazirabad,Punjab,Gujrat,Wazirabad,1206,993412,830396,644233,690,77.39
Badin,Sindh,Hyderabad,Badin,6858,1947081,1804958,1106272,284.6,46.65
Dadu,Sindh,Hyderabad,Dadu,7866,1742320,1550390,1106717,221.8,57.13
Ghotki,Sindh,Sukkur,Mirpur Mathelo,6083,1772609,1648708,968797,291.3,51.38
Hyderabad,Sindh,Hyderabad,Hyderabad,993,2432540,2199928,1494866,2448.7,77.21
Jacobabad,Sindh,Larkana,Jacobabad,2698,1174097,1007009,727190,434.0,52.34
Jamshoro,Sindh,Hyderabad,Jamshoro,11204,1117308,993908,582094,99.7,59.63
Karachi Central,Sindh,Karachi,North Nazimabad,69,3822325,2971382,2289071,55838.8,93.55
Karachi East,Sindh,Karachi,Gulshan e Iqbal,139,3921742,2875315,1447529,28220.1,90.07
Karachi South,Sindh,Karachi,Saddar Karachi,122,2329764,1769230,1468579,19104.6,88.57
Karachi West,Sindh,Karachi,Orangi Town,370,2679380,3907065,2127765,7238.1,77.43
Kashmore,Sindh,Larkana,Kandhkot,2580,1233957,1090336,677120,477.3,45.59
Keamari,Sindh,Karachi,Moriro Mirbahar,559,2068451,1829837,,3699.8,72.07
Khairpur,Sindh,Sukkur,Khairpur,15910,2597535,2405190,1547751,163.3,60.14
Korangi,Sindh,Karachi,Korangi,108,3128971,2577556,1608609,28968.8,89.86
Larkana,Sindh,Larkana,Larkana,1948,1784453,1521786,1001608,915.8,65.58
Malir,Sindh,Karachi,Malir,2160,2432248,1924346,914765,1126.8,63.14
Matiari,Sindh,Hyderabad,Matiari,1417,849383,770040,494244,599.0,55.88
Mirpur Khas,Sindh,Mirpur Khas,Mirpur Khas,2925,1681386,1504440,1006329,574.7,55.37
Naushahro Feroze,Sindh,Shaheed Benazir Abad,Naushahro Feroze,2945,1777082,1612047,1087571,603.2,67.15
Qambar Shahdadkot,Sindh,Larkana,Qambar,5475,1514869,1338035,924294,276.4,50.02
Sanghar,Sindh,Mirpur Khas,Sanghar,10728,2308465,2049873,1319881,215.0,53.66
Shaheed Benazirabad,Sindh,Shaheed Benazirabad,Nawabshah,4502,1845102,1613506,1102584,409.5,60.86
Shikarpur,Sindh,Larkana,Shikarpur,2512,1386330,1233760,880438,552.1,53.7
Sujawal,Sindh,Hyderabad,Sujawal,8785,839292,779062,513702,95.5,37.02
Sukkur,Sindh,Sukkur,Sukkur,5165,1639897,1488372,931387,317.7,68.26
Tando Allahyar,Sindh,Hyderabad,Tando Allahyar,1554,922012,838527,493526,592.8,49.8
Tando Muhammad Khan,Sindh,Hyderabad,Tando Muhammad Khan,1423,726119,677098,438624,509.1,44.02
Tharparkar,Sindh,Mirpur Khas,Mithi,19637,1778407,1647036,914291,90.6,46.39
Thatta,Sindh,Hyderabad,Thatta,8570,1083191,982138,599492,126.8,36.88
Umerkot,Sindh,Mirpur Khas,Umerkot,5608,1159831,1073469,664797,207.2,38.69
