sector,fiscal_year,company_count,total_revenue_pkr_billion,total_profit_before_tax_pkr_billion,total_tax_paid_pkr_billion,total_profit_after_tax_pkr_billion,sector_effective_tax_rate_pct
Automobile Assemblers,2020,4,219.2,16.1,5.07,11.03,31.49
Automobile Assemblers,2021,4,381.7,34.2,10.25,23.95,29.97
Automobile Assemblers,2022,4,559.8,41.9,13.5,28.4,32.22
Automobile Assemblers,2023,4,408.1,27.08,9.15,17.93,33.79
Automobile Assemblers,2024,4,476.5,42.3,13.62,28.68,32.2
Cables & Electrical Goods,2020,1,9.2,0.28,0.1,0.18,33.93
Cables & Electrical Goods,2021,1,13.2,0.72,0.21,0.51,29.17
Cables & Electrical Goods,2022,1,21.5,1.24,0.38,0.86,30.65
Cables & Electrical Goods,2023,1,24.8,1.45,0.48,0.97,33.1
Cables & Electrical Goods,2024,1,26.5,1.6,0.52,1.08,32.5
Cement,2020,5,204.58,-0.65,4.3,-4.95,0.0
Cement,2021,5,312.44,52.5,13.9,38.6,26.48
Cement,2022,5,461.86,68.1,23.1,45.0,33.92
Cement,2023,5,619.75,107.1,36.4,70.7,33.99
Cement,2024,5,628.9,119.4,37.6,81.8,31.49
Chemicals,2020,3,127.4,16.3,4.85,11.45,29.75
Chemicals,2021,3,201.4,36.8,10.8,26.0,29.35
Chemicals,2022,3,282.7,44.1,13.7,30.4,31.07
Chemicals,2023,3,270.3,37.6,12.2,25.4,32.45
Chemicals,2024,3,286.5,37.1,12.0,25.1,32.35
Commercial Banks,2020,8,621.09,284.4,113.9,170.5,40.05
Commercial Banks,2021,8,700.0,335.2,141.0,194.2,42.06
Commercial Banks,2022,8,941.0,464.4,243.9,220.5,52.52
Commercial Banks,2023,8,1403.0,786.9,385.2,401.7,48.95
Commercial Banks,2024,8,1578.0,808.0,395.8,412.2,48.99
Conglomerates / Holding,2020,1,248.0,44.2,11.8,32.4,26.7
Conglomerates / Holding,2021,1,312.0,52.4,14.2,38.2,27.1
Conglomerates / Holding,2022,1,356.0,46.1,17.8,28.3,38.61
Conglomerates / Holding,2023,1,482.0,68.2,23.5,44.7,34.46
Conglomerates / Holding,2024,1,510.0,71.5,24.8,46.7,34.69
Engineering & Steel,2020,3,97.5,3.24,1.18,2.06,36.42
Engineering & Steel,2021,3,151.5,23.4,6.9,16.5,29.49
Engineering & Steel,2022,3,202.6,19.8,6.2,13.6,31.31
Engineering & Steel,2023,3,188.1,13.6,4.7,8.9,34.56
Engineering & Steel,2024,3,198.5,15.1,5.25,9.85,34.77
Fertilizer,2020,4,354.2,77.5,23.1,54.4,29.81
Fertilizer,2021,4,465.41,96.9,27.2,69.7,28.07
Fertilizer,2022,4,569.4,92.2,37.85,54.35,41.05
Fertilizer,2023,4,812.61,138.7,49.0,89.7,35.33
Fertilizer,2024,4,860.5,144.4,55.0,89.4,38.09
Food & Personal Care,2020,4,206.8,26.65,7.75,18.9,29.08
Food & Personal Care,2021,4,242.1,35.15,9.95,25.2,28.31
Food & Personal Care,2022,4,306.2,45.85,14.88,30.97,32.45
Food & Personal Care,2023,4,392.5,60.5,20.45,40.05,33.8
Food & Personal Care,2024,4,425.5,64.25,21.55,42.7,33.54
Oil & Gas Exploration,2020,4,517.42,270.64,77.0,193.64,28.45
Oil & Gas Exploration,2021,4,501.37,260.98,72.11,188.88,27.63
Oil & Gas Exploration,2022,4,679.44,391.44,131.06,260.37,33.48
Oil & Gas Exploration,2023,4,907.72,574.11,158.88,415.24,27.67
Oil & Gas Exploration,2024,4,1009.16,586.62,152.6,434.02,26.01
Oil & Gas Marketing,2020,3,1449.0,-26.4,7.01,-33.41,0.0
Oil & Gas Marketing,2021,3,1636.0,53.1,16.6,36.5,31.26
Oil & Gas Marketing,2022,3,3280.0,164.0,56.5,107.5,34.45
Oil & Gas Marketing,2023,3,4282.0,41.6,17.8,23.8,42.79
Oil & Gas Marketing,2024,3,4410.0,48.7,17.7,31.0,36.34
Paper & Board,2020,2,76.6,5.09,1.42,3.67,27.9
Paper & Board,2021,2,95.7,9.95,2.75,7.2,27.64
Paper & Board,2022,2,138.8,11.9,3.82,8.08,32.1
Paper & Board,2023,2,175.5,16.85,5.65,11.2,33.53
Paper & Board,2024,2,186.8,17.95,6.02,11.93,33.54
Pharmaceuticals,2020,5,108.1,18.3,5.11,13.19,27.92
Pharmaceuticals,2021,5,124.6,22.3,6.34,15.96,28.43
Pharmaceuticals,2022,5,146.4,16.23,5.44,10.79,33.52
Pharmaceuticals,2023,5,173.5,18.4,6.28,12.12,34.13
Pharmaceuticals,2024,5,193.3,22.55,7.34,15.21,32.55
Power Generation,2020,3,400.1,55.7,12.8,42.9,22.98
Power Generation,2021,3,417.8,65.2,9.5,55.7,14.57
Power Generation,2022,3,614.2,60.3,10.3,50.0,17.08
Power Generation,2023,3,647.5,37.8,11.4,26.4,30.16
Power Generation,2024,3,684.2,56.7,11.5,45.2,20.28
Refinery,2020,2,247.0,-13.0,2.1,-15.1,0.0
Refinery,2021,2,280.0,5.2,1.77,3.43,34.04
Refinery,2022,2,483.0,24.0,8.2,15.8,34.17
Refinery,2023,2,620.0,42.4,11.4,31.0,26.89
Refinery,2024,2,640.0,39.2,10.9,28.3,27.81
Technology & Communication,2020,5,165.6,19.38,1.88,17.49,9.73
Technology & Communication,2021,5,198.4,37.01,2.5,34.51,6.77
Technology & Communication,2022,5,219.9,-3.88,3.38,-7.25,0.0
Technology & Communication,2023,5,280.3,-2.5,4.25,-6.75,0.0
Technology & Communication,2024,5,314.4,12.1,4.37,7.73,36.12
Textile Composite,2020,3,130.5,8.7,1.07,7.63,12.3
Textile Composite,2021,3,166.8,18.4,1.69,16.71,9.18
Textile Composite,2022,3,264.1,32.7,3.69,29.01,11.28
Textile Composite,2023,3,331.5,44.8,4.9,39.9,10.94
Textile Composite,2024,3,367.0,36.8,4.35,32.45,11.82
Textile Spinning,2020,1,28.4,1.4,0.18,1.22,12.86
Textile Spinning,2021,1,41.2,4.2,0.41,3.79,9.76
Textile Spinning,2022,1,54.5,6.4,0.78,5.62,12.19
Textile Spinning,2023,1,62.0,5.8,0.72,5.08,12.41
Textile Spinning,2024,1,65.0,5.2,0.68,4.52,13.08
Tobacco,2020,1,135.0,23.5,7.1,16.4,30.21
Tobacco,2021,1,162.0,27.2,8.4,18.8,30.88
Tobacco,2022,1,188.0,29.8,10.4,19.4,34.9
Tobacco,2023,1,215.0,32.4,11.8,20.6,36.42
Tobacco,2024,1,230.0,34.1,12.4,21.7,36.36
