auction_number,settlement_date,tenor,coupon_rate_pct,amount_accepted_million_pkr,weighted_average_yield_pct
1,2000-12-14,3-Year,12.5,1999,12.4507
1,2000-12-14,5-Year,13,213,12.949
1,2000-12-14,10-Year,14,2222,13.9667
2,2000-12-30,3-Year,12.5,506.5,12.4823
2,2000-12-30,5-Year,13,3059.2,12.9997
2,2000-12-30,10-Year,14,6174.1,13.9783
3,2001-02-14,3-Year,12.5,1208.5,12.427
3,2001-02-14,5-Year,13,451.6,12.9457
3,2001-02-14,10-Year,14,13845.5,13.9551
4,2001-04-18,3-Year,12.5,533.9,12.4719
4,2001-04-18,5-Year,13,1124.2,12.9913
4,2001-04-18,10-Year,14,9580.8,13.996
5,2001-05-21,3-Year,12.5,428.7,12.4859
5,2001-05-21,5-Year,13,469.1,12.9934
6,2001-06-16,10-Year,14,4306.8,14.0042
7,2001-07-21,3-Year,12.5,2385.4,12.4749
7,2001-07-21,5-Year,13,576.3,12.9924
9,2001-08-22,10-Year,13,6746.1,13.0002
10,2001-09-22,3-Year,11.8,3439,11.7921
10,2001-09-22,5-Year,12.2,2344.3,12.211
11,2001-10-30,10-Year,13,11904.5,12.4534
12,2001-11-22,3-Year,10.5,2213.9,10.4933
12,2001-11-22,5-Year,11,2801,10.9968
13,2001-12-24,10-Year,12,10448.7,11.9206
14,2002-01-28,3-Year,10.5,4780,9.1594
14,2002-01-28,5-Year,11,3150,10.0976
15,2002-02-28,10-Year,11,7660,10.4631
16,2002-03-28,3-Year,9,2621,8.356
16,2002-03-28,5-Year,10,5225.4,9.3916
17,2002-04-25,10-Year,11,3007.4,10.5465
18,2002-05-24,3-Year,9,1317.1,8.826
18,2002-05-24,5-Year,10,1684.5,9.8078
19,2002-06-17,10-Year,11,4886.5,10.8565
20,2002-07-19,3-Year,9,1558.5,7.9516
20,2002-07-19,5-Year,10,3518.4,8.887
21,2002-08-20,10-Year,11,7955,9.5874
22,2002-09-24,3-Year,9,2906.8,7.4644
22,2002-09-24,5-Year,10,3885,8.2633
23,2002-10-24,10-Year,11,12233.2,9.2951
24,2002-12-31,3-Year,7,2010.3,4.5564
24,2002-12-31,5-Year,8,1977,4.8557
24,2002-12-31,10-Year,9,968.5,5.5249
25,2003-03-26,3-Year,7,1000,2.792
25,2003-03-26,5-Year,8,1050,3.1162
25,2003-03-26,10-Year,9,1150,4.0138
26,2003-06-30,3-Year,7,2000,3.0843
26,2003-06-30,5-Year,8,3057.8,4.155
26,2003-06-30,10-Year,9,25562.2,5.6096
37900,1899-12-30,7.0000000000000007E-2,8,0.09,10
27,2003-10-06,3-Year,6,700,4.1063
27,2003-10-06,5-Year,7,1586.5,5.098
27,2003-10-06,10-Year,8,6424,6.2216
27,2003-11-06,3-Year,6,5943,4.03584
27,2003-11-06,5-Year,7,10116.8,5.05382
27,2003-11-06,10-Year,8,11533,6.1678
27,2003-12-06,3-Year,6,2794,3.9323
27,2003-12-06,5-Year,7,4457,4.9787
27,2003-12-06,10-Year,8,8453.2,6.2152
28,2004-01-20,15-Year,9,3329.9,7.683
28,2004-01-20,20-Year,10,3191,8.7058
29,2004-04-29,3-Year,6,3227,3.7342
29,2004-04-29,5-Year,7,8471.1,4.8665
29,2004-04-29,10-Year,8,15135.7,6.4533
29,2004-05-29,3-Year,6,1869,4.2354
29,2004-05-29,5-Year,7,3134,5.2699
29,2004-05-29,10-Year,8,10060.8,7.1268
30,2004-06-10,15-Year,9,3665.9,8.9935
30,2004-06-10,20-Year,10,3566,9.9927
34,2006-05-19,3-Year,9.1,3205.2,9.3887
34,2006-05-19,5-Year,9.3,4608.137607,9.6461
34,2006-05-19,10-Year,9.6,3424.050178,9.8454
34,2006-10-31,3-Year,9.1,3502.5,9.7776
34,2006-10-31,5-Year,9.3,1392.4,9.9298
34,2006-10-31,10-Year,9.6,3644.2,10.3945
35,2006-10-31,15-Year,10,3000,10.8504
35,2006-10-31,20-Year,10.5,4000,11.1727
35,2006-12-22,3-Year,9.1,1473.6,9.7165
35,2006-12-22,5-Year,9.3,694.2,10.0017
35,2006-12-22,10-Year,9.6,2735.1,10.5072
35,2006-12-22,15-Year,10,4000,11.0578
35,2006-12-22,20-Year,10.5,4000,11.3924
36,2006-12-22,30-Year,11,8000,11.6802
36,2007-03-06,3-Year,9.1,3085.3,9.3529
36,2007-03-06,5-Year,9.3,4095.5,9.7516
36,2007-03-06,10-Year,9.6,9650.8,10.1536
36,2007-03-06,15-Year,10,400,10.9538
36,2007-04-23,3-Year,9.1,1752,9.331
36,2007-04-23,5-Year,9.3,1479.5,9.6189
36,2007-04-23,10-Year,9.6,7181,10.1296
36,2007-04-23,15-Year,10,975,10.9707
36,2007-04-23,20-Year,10.5,1525,11.1769
36,2007-04-23,30-Year,11,4500,11.5459
36,2007-06-06,3-Year,9.1,1069,9.3113
36,2007-06-06,5-Year,9.3,2512,9.5282
36,2007-06-06,10-Year,9.6,6850,10.1059
36,2007-06-06,15-Year,10,875,10.9612
36,2007-06-06,20-Year,10.5,1725,11.1831
36,2007-06-06,30-Year,11,3600,11.5736
36,2007-08-22,3-Year,9.1,1273,9.6725
36,2007-08-22,5-Year,9.3,4652.5,9.8571
36,2007-08-22,10-Year,9.6,4260,10.3371
36,2007-08-22,15-Year,10,536,11.108
36,2007-08-22,20-Year,10.5,1800,11.373
36,2007-08-22,30-Year,11,4000,11.6146
36,2007-10-10,3-Year,9.1,1291.5,9.6185
36,2007-10-10,5-Year,9.3,3550.3,9.7958
36,2007-10-10,10-Year,9.6,6540,10.1791
36,2007-10-10,15-Year,10,2024,11.1026
36,2007-10-10,20-Year,10.5,2000,11.3753
36,2007-10-10,30-Year,11,2000,11.588
36,2007-10-31,3-Year,9.1,1887,9.6344
36,2007-10-31,5-Year,9.3,1650,9.814
36,2007-10-31,10-Year,9.6,7465,10.1961
36,2007-10-31,15-Year,10,3007.9,11.1428
36,2007-10-31,20-Year,10.5,500,11.4057
36,2007-10-31,30-Year,11,1000,11.6132
36,2007-11-30,30-Year,11,2000,11.6176
36,2008-01-31,3-Year,9.1,216,10.0499
36,2008-01-31,5-Year,9.3,726.4,10.2346
36,2008-01-31,10-Year,9.6,4162.5,10.7763
36,2008-01-31,15-Year,10,1762,11.6115
36,2008-01-31,20-Year,10.5,2600,11.8355
36,2008-01-31,30-Year,11,2600,12.05
36,2008-03-31,3-Year,9.1,285,10.6044
36,2008-03-31,5-Year,9.3,197.7,10.7995
36,2008-03-31,10-Year,9.6,610.2,11.4339
36,2008-03-31,15-Year,10,470.7,11.8681
36,2008-03-31,20-Year,10.5,950,11.9983
36,2008-03-31,30-Year,11,2800,12.2392
36,2008-06-30,3-Year,9.1,216.5,12.2964
36,2008-06-30,10-Year,9.6,837.7,13.4112
36,2008-06-30,15-Year,10,812.5,13.4405
36,2008-06-30,20-Year,10.5,1200,13.8548
36,2008-06-30,30-Year,11,1700,14.1182
39690,1899-12-30,0.115,11.75,0.12,12.5
39073,2008-08-30,3-Year,11.25,187.5,13.6973
39073,2008-08-30,7-Year,11.75,200,14.3278
39073,2008-08-30,10-Year,12,688.3,14.4724
39073,2008-08-30,15-Year,12.5,56,14.75
39073,2008-08-30,30-Year,13.75,2500,14.6078
39073,2009-02-19,3-Year,11.25,3977.5,13.8806
39073,2009-02-19,5-Year,11.5,3023.2,14.335
39073,2009-02-19,7-Year,11.75,2735,14.703
39073,2009-02-19,10-Year,12,7821,14.8642
39073,2009-02-19,15-Year,12.5,1180,15.3557
39073,2009-02-19,20-Year,13,1500,15.7002
39073,2009-02-19,30-Year,13.75,2000,16.2248
39073,2009-04-16,3-Year,11.25,3246.5,12.767
39073,2009-04-16,5-Year,11.5,2955,12.862
39073,2009-04-16,7-Year,11.75,2592,13.0505
39073,2009-04-16,10-Year,12,14156,13.0672
39073,2009-04-16,15-Year,12.5,63.4,13.8007
39073,2009-04-16,20-Year,13,200,14.2492
39073,2009-04-16,30-Year,13.75,100,14.4995
39073,2009-05-28,3-Year,11.25,2866.5,12.3066
39073,2009-05-28,5-Year,11.5,2988,12.3721
39073,2009-05-28,7-Year,11.75,1800,12.5159
39073,2009-05-28,10-Year,12,12365.5,12.5714
39073,2009-05-28,15-Year,12.5,103,13.39
39073,2009-05-28,20-Year,13,200,13.8004
39073,2009-05-28,30-Year,13.75,2000,14.2251
39073,2009-09-03,3-Year,11.25,625,12.2688
39073,2009-09-03,5-Year,11.5,625,12.3374
39073,2009-09-03,7-Year,11.75,825,12.4159
39073,2009-09-03,10-Year,12,12590,12.43
39073,2009-09-03,15-Year,12.5,229,12.9223
39073,2009-09-03,20-Year,13,500,13.2993
39073,2009-09-03,30-Year,13.75,500,13.7493
39073,2009-11-12,3-Year,11.25,2654,12.2098
39073,2009-11-12,5-Year,11.5,2484.2,12.295
39073,2009-11-12,7-Year,11.75,650,12.4289
39073,2009-11-12,10-Year,12,9455.3,12.4261
39073,2009-11-12,15-Year,12.5,735,12.8478
39073,2009-11-12,20-Year,13,500,13.2106
39073,2009-11-12,30-Year,13.75,750,13.7116
39073,2010-02-04,3-Year,11.25,3269,12.2679
39073,2010-02-04,5-Year,11.5,1405.6,12.3705
39073,2010-02-04,7-Year,11.75,250,12.477
39073,2010-02-04,10-Year,12,4335,12.4771
39073,2010-02-04,15-Year,12.5,71,12.8977
39073,2010-02-04,20-Year,13,525,13.0993
39073,2010-02-04,30-Year,13.75,525,13.5507
39073,2010-03-18,3-Year,11.25,1695,12.4748
39073,2010-03-18,5-Year,11.5,1227.5,12.5639
39073,2010-03-18,7-Year,11.75,250,12.696
39073,2010-03-18,10-Year,12,6357.5,12.7046
39073,2010-05-27,3-Year,11.25,3452.3,12.4207
39073,2010-05-27,5-Year,11.5,1485,12.4993
39073,2010-05-27,7-Year,11.75,300,12.5941
39073,2010-05-27,10-Year,12,6661.3,12.6552
39073,2010-10-14,3-Year,11.25,1097.7,13.8975
39073,2010-10-14,5-Year,11.5,790.7,13.9991
39073,2010-10-14,10-Year,12,5531.5,14.0175
39073,2010-10-14,20-Year,13,525,14.1993
39073,2010-12-23,3-Year,11.25,5631.5,14.1684
39073,2010-12-23,5-Year,11.5,2416,14.2613
39073,2010-12-23,10-Year,12,14348.3,14.2482
39073,2011-02-17,3-Year,11.25,7120,14.2004
39073,2011-02-17,5-Year,11.5,1766,14.2766
39073,2011-02-17,10-Year,12,18962.8,14.2206
39073,2011-03-17,3-Year,11.25,4835.2,14.0479
39073,2011-03-17,5-Year,11.5,1701,14.1081
39073,2011-03-17,10-Year,12,18694.6,14.0791
39073,2011-04-28,3-Year,11.25,6595.9,13.9929
39073,2011-04-28,5-Year,11.5,4032,14.0413
39073,2011-04-28,10-Year,12,15567,14.0838
39073,2011-05-26,3-Year,11.25,13194.27,13.9692
39073,2011-05-26,5-Year,11.5,3027,14.0335
39073,2011-05-26,10-Year,12,13317.1,14.0778
39073,2011-05-26,15-Year,12.5,235,14.1082
39073,2011-05-26,20-Year,13,125,14.1425
39073,2011-06-23,3-Year,11.25,11237.6,13.9845
39073,2011-06-23,5-Year,11.5,3010.5,14.0334
39073,2011-06-23,10-Year,12,14934.3,14.0696
39073,2011-06-23,15-Year,12.5,225,14.098
39073,2011-06-23,20-Year,13,225,14.1377
39073,2011-06-23,30-Year,13.75,225,14.1861
39073,2011-08-18,3-Year,11.25,10385.7,13.431
39073,2011-08-18,5-Year,11.5,11070,13.4737
39073,2011-08-18,10-Year,12,19835.6,13.4993
39073,2011-08-18,15-Year,12.5,2261.3,13.5011
39073,2011-09-15,3-Year,11.25,7038.5,13.123
39073,2011-09-15,5-Year,11.5,6919.5,13.1412
39073,2011-09-15,10-Year,12,13280.5,13.1926
39073,2011-10-13,3-Year,11.25,5328.1,12.0797
39073,2011-10-13,5-Year,11.5,2839.2,12.1077
39073,2011-10-13,10-Year,12,10701.5,12.1557
39073,2011-11-04,5-Year,11.5,195349.3321,12.6245
39073,2011-11-24,3-Year,11.25,5446,12.1689
39073,2011-11-24,10-Year,12,5624.1,12.2544
39073,2011-12-22,3-Year,11.25,4345.2,12.4049
39073,2011-12-22,5-Year,11.5,1576.2,12.6755
39073,2011-12-22,10-Year,12,277.4,12.6993
39073,2012-02-16,3-Year,11.25,12109.8,12.4203
39073,2012-02-16,5-Year,11.5,6520,12.7807
39073,2012-02-16,10-Year,12,6728.1,12.8517
39073,2012-03-15,3-Year,11.25,5953.7,12.5027
39073,2012-03-15,5-Year,11.5,13013.7,12.8857
39073,2012-03-15,10-Year,12,7922.5,13.1053
39073,2012-05-10,3-Year,11.25,12888.4,12.5855
39073,2012-05-10,5-Year,11.5,4936.5,13.0243
39073,2012-05-10,10-Year,12,9751.8,13.2841
39073,2012-06-07,3-Year,11.25,8711.5,12.6892
39073,2012-06-07,5-Year,11.5,9021.5,13.0753
39073,2012-06-07,10-Year,12,17927.2,13.3627
39073,2012-06-07,20-Year,13,3680,13.3496
39073,2012-07-19,3-Year,11.25,20867.2,12.6392
39073,2012-07-19,5-Year,11.5,19526.5,13.0504
39073,2012-07-19,10-Year,12,11590,13.3269
39073,2012-07-19,20-Year,13,5197,13.3503
39073,2012-08-16,3-Year,11.25,13075,11.2706
39073,2012-08-16,5-Year,11.5,13734.1,11.552
39073,2012-08-16,10-Year,12,5343.3,12.032
39073,2012-09-27,3-Year,11.25,14884.8,10.5635
39073,2012-09-27,5-Year,11.5,16260,11.1179
39073,2012-09-27,10-Year,12,10579,11.5776
39073,2012-10-24,3-Year,11.25,18769.5,10.3818
39073,2012-10-24,5-Year,11.5,5929,10.9399
39073,2012-10-24,10-Year,12,6343.5,11.4173
39073,2012-11-22,3-Year,11.25,9115,10.2215
39073,2012-11-22,5-Year,11.5,8271.9,10.8371
39073,2012-11-22,10-Year,12,2889.5,11.3859
39073,2012-12-07,3-Year,11.25,5512.5,10.35
39073,2012-12-07,5-Year,11.5,640.9,10.9334
39073,2012-12-07,10-Year,12,2494,11.4206
39073,2013-04-25,3-Year,11.25,16355.3,10.6694
39073,2013-05-23,3-Year,11.25,16677,10.0111
39073,2013-05-23,5-Year,11.5,11280,10.3843
39073,2013-05-23,10-Year,12,9984.4,11.0696
39073,2013-06-20,3-Year,11.25,24043.5,9.6068
39073,2013-06-20,5-Year,11.5,4850,10.0504
39073,2013-06-20,10-Year,12,4144.5,10.9622
39073,2013-06-28,5-Year,13,115894.7,10.0504
39073,2013-07-18,3-Year,11.25,7176.5,10.3261
39073,2013-07-18,5-Year,11.5,5881.4,10.7762
39073,2013-07-18,10-Year,12,4534.4,11.5271
39073,2013-08-29,3-Year,11.25,11730.8,11.0107
39073,2013-08-29,5-Year,11.5,13610.6,11.4868
39073,2013-08-29,10-Year,12,4633,11.9022
39073,2013-09-26,3-Year,11.25,5851.9,11.6204
39073,2013-09-26,5-Year,11.5,4724.2,12.0913
39073,2013-09-26,10-Year,12,6475.6,12.5105
39073,2013-11-21,3-Year,11.25,20111.9,11.9568
39073,2013-11-21,5-Year,11.5,9897.5,12.485
39073,2013-11-21,10-Year,12,15138.6,12.9081
39073,2013-12-19,3-Year,11.25,10040.1,12.0862
39073,2013-12-19,5-Year,11.5,3503,12.5587
39073,2013-12-19,10-Year,12,45354,12.8685
39073,2013-12-19,20-Year,13,525,13.2894
39073,2014-01-30,3-Year,11.25,82569.5,11.761
39073,2014-01-30,5-Year,11.5,44925.4,12.2039
39073,2014-01-30,10-Year,12,62300.9,12.6075
39073,2014-01-30,20-Year,13,11797.7,12.9
39073,2014-02-27,3-Year,11.25,135023.1,12.0362
39073,2014-02-27,5-Year,11.5,72261.4,12.4912
39073,2014-02-27,10-Year,12,41026.3,12.8678
39073,2014-02-27,20-Year,13,0,0
39073,2014-03-27,3-Year,11.25,288403.9,11.9928
39073,2014-03-27,5-Year,11.5,130216,12.4531
39073,2014-03-27,10-Year,12,116548.9,12.8271
39073,2014-03-27,20-Year,13,0,0
39073,2014-04-24,3-Year,11.25,244290.2,12.0699
39073,2014-04-24,5-Year,11.5,81852.3,12.5336
39073,2014-04-24,10-Year,12,101272.7,12.8773
39073,2014-04-24,20-Year,13,0,0
39073,2014-05-22,3-Year,11.25,183428.9,12.0784
39073,2014-05-22,5-Year,11.5,43096.4,12.5359
39073,2014-05-22,10-Year,12,17357.2,12.8764
39073,2014-05-22,20-Year,13,0,0
39073,2014-06-19,3-Year,11.25,182179.2,12.0797
39073,2014-06-19,5-Year,11.5,16142.7,12.5492
39073,2014-06-19,10-Year,12,6113.2,12.9209
39073,2014-06-19,20-Year,13,8000,13.0007
39073,2014-07-17,3-Year,11.25,36534.9,12.3466
39073,2014-07-17,5-Year,11.5,10952.8,12.7421
39073,2014-07-17,10-Year,12,13842.2,13.1571
39073,2014-07-17,20-Year,13,2000,13.1125
39073,2014-08-13,3-Year,11.25,42620,12.4258
39073,2014-08-13,5-Year,11.5,22805,12.8152
39073,2014-08-13,10-Year,12,24393.5,13.2415
39073,2014-08-13,20-Year,13,0,0
39073,2014-09-11,3-Year,11.25,91299.1,12.5393
39073,2014-09-11,5-Year,11.5,25400.3,12.9476
39073,2014-09-11,10-Year,12,38233.2,13.4128
39073,2014-09-11,20-Year,13,5500,13.5905
39073,2014-10-23,3-Year,11.25,22118.2,12.3747
39073,2014-10-23,5-Year,11.5,23031.9,12.9646
39073,2014-10-23,10-Year,12,12117.8,13.4392
39073,2014-11-20,3-Year,11.25,70025.4,10.3944
39073,2014-11-20,5-Year,11.5,26502,10.6878
39073,2014-11-20,10-Year,12,48191.3,11.6592
39073,2014-12-18,3-Year,11.25,91151,10.4001
39073,2014-12-18,5-Year,11.5,25193.9,10.7461
39073,2014-12-18,10-Year,12,35925,11.6081
39073,2015-01-29,3-Year,11.25,7015.1,8.8766
39073,2015-01-29,5-Year,11.5,65702.8,9.4031
39073,2015-01-29,10-Year,12,3800.1,10.0074
39073,2015-01-29,20-Year,13,500,10.9995
39073,2015-02-26,3-Year,11.25,15573.7,8.4973
39073,2015-02-26,5-Year,11.5,36898.7,9.0713
39073,2015-02-26,10-Year,12,13939,9.7596
42089,2015-03-26,3-Year,8.75,20471.9,8.1871
42089,2015-03-26,5-Year,9.25,16273,8.6598
42089,2015-03-26,10-Year,9.75,12129.6,9.4216
42089,2015-04-23,3-Year,8.75,31108.8,7.7598
42089,2015-04-23,5-Year,9.25,6871.5,8.3699
42089,2015-04-23,10-Year,9.75,4856.5,9.3086
42089,2015-05-21,3-Year,8.75,26080,7.365
42089,2015-05-21,5-Year,9.25,18664,8.0111
42089,2015-05-21,10-Year,9.75,16028.5,9.1369
42089,2015-06-18,3-Year,8.75,41487.5,7.8888
42089,2015-06-18,5-Year,9.25,9198.5,8.8782
42089,2015-07-16,3-Year,8.75,40720.4,8.0647
42089,2015-07-16,5-Year,9.25,14885,8.9652
42089,2015-08-13,3-Year,8.75,50233.5,7.5398
42089,2015-08-13,5-Year,9.25,16059.5,8.5085
42089,2015-08-13,10-Year,9.75,3067.3,9.4007
42089,2015-09-10,3-Year,8.75,43661.3,7.3114
42089,2015-09-10,5-Year,9.25,46084,8.24308
42089,2015-09-10,10-Year,9.75,3572.5,9.3287
42089,2015-10-08,3-Year,8.75,40784,7.1552
42089,2015-10-08,5-Year,9.25,54535.5,8.156
42089,2015-10-08,10-Year,9.75,1012,9.2299
42089,2015-11-19,3-Year,8.75,38484.3,6.9842
42089,2015-11-19,5-Year,9.25,10067.6,7.9328
42089,2015-11-19,10-Year,9.75,1740,9.1507
42089,2015-12-17,3-Year,8.75,32297,6.9987
42089,2015-12-17,5-Year,9.25,3167.5,7.9873
42089,2015-12-17,10-Year,9.75,762.5,9.0995
42089,2016-01-28,3-Year,8.75,67446.2,6.4744
42089,2016-01-28,5-Year,9.25,56878.9,7.4639
42089,2016-01-28,10-Year,9.75,1059.7,8.8509
42089,2016-02-25,3-Year,8.75,58969.3,6.2948
42089,2016-02-25,5-Year,9.25,73070.2,6.9679
42089,2016-02-25,10-Year,9.75,9228.2,8.2495
42089,2016-03-22,3-Year,8.75,35018.5,6.31244
42089,2016-03-22,5-Year,9.25,63272.6,6.97828
42089,2016-03-22,10-Year,9.75,16886,8.22088
42481,1899-12-30,7.7499999999999999E-2,0,0.0875,10.75
42481,2016-04-21,3-Year,7,46150.5,6.46047
42481,2016-04-21,5-Year,7.75,59765.1,6.90286
42481,2016-04-21,10-Year,8.75,28522.7,8.10017
42481,2016-06-16,3-Year,7,31046.5,6.3848
42481,2016-06-16,5-Year,7.75,9775.5,6.8824
42481,2016-06-16,10-Year,8.75,5376.5,7.9981
42481,2016-07-14,3-Year,7,88822.1,6.1444
42481,2016-07-14,5-Year,7.75,74986,6.6364
42481,2016-07-14,10-Year,8.75,62565.4,7.7222
42481,2016-08-25,3-Year,7,98601.3,6.18393
42481,2016-08-25,5-Year,7.75,62845.1,6.68735
42481,2016-08-25,10-Year,8.75,48191.8,7.75921
42481,2016-09-22,3-Year,7,117828.5,6.18594
42481,2016-09-22,5-Year,7.75,79275.5,6.6926
42481,2016-09-22,10-Year,8.75,13207.1,7.79558
42733,1899-12-30,7.7499999999999999E-2,0,0.0875,10.75
42733,2017-01-26,3-Year,7,29875,6.33045
42733,2017-01-26,5-Year,7.75,11793,6.89977
42733,2017-01-26,10-Year,8.75,2377.5,7.94136
42733,2017-02-23,3-Year,7,58640,6.3789
42733,2017-02-23,5-Year,7.75,296,6.89939
42733,2017-02-23,10-Year,8.75,237.5,7.9406
42733,2017-03-24,3-Year,7,26802,6.40289
42733,2017-03-24,5-Year,7.75,1179.5,6.8895
42733,2017-03-24,10-Year,8.75,1244,7.94023
42733,2017-05-18,3-Year,7,33864,6.39923
42733,2017-05-18,5-Year,7.75,5238.5,6.89018
42733,2017-05-18,10-Year,8.75,1114,7.93581
42733,2017-06-15,3-Year,7,68322.9,6.40428
42733,2017-06-15,5-Year,7.75,3500,6.89518
42733,2017-06-15,10-Year,8.75,3210,7.93559
42733,2017-07-27,3-Year,7,23376,6.40294
42733,2017-07-27,5-Year,7.75,10150,6.89601
42733,2017-07-27,10-Year,8.75,22095,7.93594
42733,2018-04-19,3- Year,7,7616.3,7.1621
42733,2018-04-19,5- Year,7.75,2358,8.0305
42733,2018-04-19,10- Year,8.75,25460,8.5
42733,2018-05-18,3- Year,7,4248,7.20029
42733,2018-05-18,5- Year,7.75,1884,8.03077
42733,2018-05-18,10- Year,8.75,733,8.47378
42733,2018-06-13,3- Year,7,2674.9,7.4677
42733,2018-06-13,5- Year,7.75,540.4,8.4795
42733,2018-06-13,10- Year,8.75,596.8,8.6999
43293,2018-08-09,5- Year,8,15918,9.25
43293,2018-09-06,5- Year,8,4668,9.25
43293,2018-12-27,3- Year,7.25,8665,12.1915
43293,2018-12-27,5- Year,8,2350.1,12.6997
43293,2018-12-27,10- Year,8.75,11483.6,13.1245
43293,2019-01-24,3- Year,7.25,34081.9,12.2209
43293,2019-01-24,5- Year,8,26712.5,12.6978
43293,2019-02-21,3- Year,7.25,115155.6,12.0002
43293,2019-02-21,5- Year,8,54193.7,12.4461
43293,2019-02-21,10- Year,8.75,63229.8,12.8267
43293,2019-03-21,3- Year,7.25,22419,12.1981
43293,2019-03-21,5- Year,8,24608.4,12.5392
43293,2019-03-21,10- Year,8.75,57523.5,12.9681
43293,2019-04-18,3- Year,7.25,162664.1,12.1419
43293,2019-05-30,3- Year,7.25,67214.8,13.6117
43293,2019-05-30,5- Year,8,36183.1,13.7145
43293,2019-05-30,10- Year,8.75,29753.8,13.6
43293,2019-06-27,3- Year,7.25,8658.1,13.677
43293,2019-06-27,5- Year,8,35046.3,13.7687
43293,2019-06-27,10- Year,8.75,91204.2,13.682
43293,2019-07-25,3- Year,7.25,124364.9,14.0206
43293,2019-07-25,5- Year,8,72091.8,13.774
43293,2019-07-25,10- Year,8.75,28808.2,13.4548
43293,2019-08-22,3- Year,7.25,417927.6,14.1519
43293,2019-08-22,5- Year,8,65221.4,13.486
43293,2019-08-22,10- Year,8.75,30543.9,13.1017
43727,1899-12-30,9.5000000000000001E-2,10,0.105,11
43727,2019-09-19,3- Year,9,89648.8,12.8683
43727,2019-09-19,5- Year,9.5,84437.7,12.376
43727,2019-09-19,10- Year,10,50416.3,12.1482
43727,2019-10-31,3- Year,9,52513.1,11.713
43727,2019-10-31,5- Year,9.5,37705,11.5151
43727,2019-10-31,10- Year,10,35802.2,11.2636
43727,2019-11-14,3- Year,9,59166.9,11.764
43727,2019-11-14,5- Year,9.5,52215,11.3903
43727,2019-11-14,10- Year,10,22554.5,11.28
43727,2019-12-12,3- Year,9,58637.2,11.6954
43727,2019-12-12,5- Year,9.5,56046,11.1511
43727,2019-12-12,10- Year,10,36760,10.9453
43727,2020-01-09,3- Year,9,28061.6,11.7226
43727,2020-01-09,5- Year,9.5,55470,11.0899
43727,2020-01-09,10- Year,10,20346,10.8825
43727,2020-02-06,3- Year,9,20024.2,11.9582
43727,2020-02-06,5- Year,9.5,30256.5,11.3371
43727,2020-02-06,10- Year,10,10370,10.96
43727,2020-03-05,3- Year,9,49714.5,11.5351
43727,2020-03-05,5- Year,9.5,41455.5,10.935
43727,2020-03-05,10- Year,10,39581.5,10.7519
43727,2020-03-05,20- Year,11,1000,11.7999
43727,2020-04-16,3- Year,9,46717.3,8.53152
43727,2020-04-16,5- Year,9.5,36442.2,8.70849
43727,2020-04-16,10- Year,10,14329.2,8.97254
43727,2020-04-16,15- Year,10.5,10275,10.454
43727,2020-04-16,20- Year,11,5012.8,10.7
43727,2020-05-28,3- Year,9,82690.9,7.52388
43727,2020-05-28,5- Year,9.5,59546.5,7.87398
43727,2020-05-28,10- Year,10,27087.5,8.47671
43727,2020-05-28,15- Year,10.5,2525,9.66396
43727,2020-06-25,3- Year,9,72685,7.8223
43727,2020-06-25,5- Year,9.5,21961.7,8.3542
43727,2020-06-25,10- Year,10,16197.5,8.871
43727,2020-06-25,15- Year,10.5,4000,9.8675
43727,2020-06-25,20- Year,11,100,10.51
43727,2020-07-22,3- Year,9,98188,7.23586
43727,2020-07-22,5- Year,9.5,57741,8.21394
43727,2020-07-22,10- Year,10,29943,8.85697
43727,2020-07-22,15- Year,10.5,10000,9.702
43727,2020-07-22,20- Year,11,5000,10.34
44062,1899-12-30,9.5000000000000001E-2,10,0.105,11
44062,2020-08-20,3- Year,7,22461.6,8.1911
44062,2020-08-20,5- Year,9.5,334,8.4473
44062,2020-08-20,10- Year,10,55,8.9445
44062,2020-08-20,15- Year,10.5,12000,9.9125
44062,2020-08-20,20- Year,11,10000,10.427
44062,2020-09-17,3- Year,7,2330,8.20001
44062,2020-09-17,5- Year,9.5,112.5,8.44884
44062,2020-09-17,10- Year,10,2,8.99
44062,2020-09-17,20- Year,11,1000,10.5498
43752,1899-12-30,7.4999999999999997E-2,10,0.105,11
43752,2020-10-15,3- Year,7,50,8.24002
43752,2020-10-15,15- Year,10.5,8000,9.99
43752,2020-10-15,20- Year,11,5000,10.5498
43752,2020-11-12,3- Year,7,2490,8.24001
43752,2020-11-12,15- Year,10.5,4000,9.98
43752,2020-11-12,20- Year,11,9561,10.5206
44166,1899-12-30,7.4999999999999997E-2,8,0.105,11
44166,2020-12-10,3- Year,7,2271.5,8.24002
44166,2020-12-10,15- Year,10.5,3000,10
44166,2020-12-10,20- Year,11,8000,10.5624
0,1899-12-30,0.08,10.5,0.11,11
0,2021-01-07,3- Year,7,8830,8.40704
0,2021-01-07,5- Year,7.5,20500,9.44991
0,2021-01-07,10- Year,8,6000,9.91999
0,2021-02-04,3- Year,7,11265,8.90829
0,2021-02-04,5- Year,7.5,22117.5,9.53168
0,2021-02-04,10- Year,8,27255.4,9.99266
0,2021-02-04,20- Year,11,1500,10.54
0,2021-03-04,3- Year,7,28854,9.33434
0,2021-03-04,5- Year,7.5,35910.7,9.82961
0,2021-03-04,10- Year,8,20150,10.214
0,2021-04-16,3- Year,7,59437.8,9.22025
0,2021-04-16,5- Year,7.5,79511.9,9.77839
0,2021-04-16,10- Year,8,47550,10.2124
0,2021-04-16,15- Year,10.5,12000,10.4774
0,2021-04-16,20- Year,11,12000,10.6074
0,2021-05-07,3- Year,7,85992.6,8.62134
0,2021-05-07,5- Year,7.5,76434,9.12456
0,2021-05-07,10- Year,8,18458.1,9.77641
0,2021-05-07,15- Year,10.5,15000,10.375
0,2021-05-07,20- Year,11,10000,10.544
0,2021-06-10,3- Year,7,157090,8.6126
0,2021-06-10,5- Year,7.5,8577.7,9.20001
0,2021-06-10,10- Year,8,315,9.839
0,2021-07-08,3- Year,7,138746,8.66259
0,2021-07-08,5- Year,7.5,6515.5,9.19799
0,2021-07-08,15- Year,10.5,4000,10.4
0,2021-08-05,3- Year,7,81629.2,8.84579
0,2021-08-05,5- Year,7.5,34893,9.1721
0,2021-08-05,10- Year,8,5187,9.83899
0,2021-08-05,15- Year,10.5,40000,10.4
0,2021-09-16,3- Year,7,21568,8.8788
0,2021-09-16,5- Year,7.5,24819,9.1602
0,2021-09-16,10- Year,8,36899.5,9.823
0,2021-09-16,15- Year,10.5,15000,10.4
0,2021-11-29,3- Year,7,25125,11.1552
0,2021-11-29,5- Year,7.5,57760.6,11.4263
0,2021-11-29,10- Year,8,35500,11.7109
0,2021-12-23,3- Year,7,39769.7,11.4618
0,2021-12-23,5- Year,7.5,109238.9,11.4616
0,2021-12-23,10- Year,8,20188.1,11.7436
0,2022-01-28,3- Year,7,119001.6,10.7494
0,2022-01-28,5- Year,7.5,44917.5,10.7994
0,2022-01-28,10- Year,8,13684.5,10.93
0,2022-02-17,3- Year,7,6221.1,10.6749
0,2022-02-17,5- Year,7.5,47680,10.7256
0,2022-02-17,10- Year,8,53019,10.845
0,2022-03-17,3- Year,7,56898.2,11.7223
0,2022-03-17,5- Year,7.5,82631.1,11.646
0,2022-03-17,10- Year,8,60992.4,11.499
0,2022-04-29,3- Year,7,28232,13.2197
0,2022-04-29,5- Year,7.5,70854.8,12.6918
0,2022-04-29,10- Year,8,288391.3,13.0576
0,2022-05-26,3- Year,7,26994.7,13.9534
0,2022-05-26,5- Year,7.5,70776.1,13.0407
0,2022-06-23,3- Year,7,10360.7,13.955
0,2022-06-23,5- Year,7.5,112942.9,13.0731
0,2022-06-23,10- Year,8,49367.9,13.0325
0,2022-07-15,3- Year,7,13081.2,13.9957
0,2022-07-15,5- Year,7.5,132176.9,13.3364
0,2022-08-04,3- Year,10,94828.1,13.8728
0,2022-08-04,5- Year,7.5,205420.6,13.3607
0,2022-09-15,3- Year,10,34243.8,13.8936
0,2022-09-15,5- Year,7.5,192990.9,13.3076
0,2022-09-15,10- Year,8,14294,12.9197
0,2022-10-13,3- Year,10,96329.9,13.7633
0,2022-10-13,5- Year,10.5,131872.6,13.0568
0,1899-12-30,0.11,10.5,0.11,11
0,2022-11-30,5- Year,10.5,27344.5,13.3175
0,2023-03-16,3- Year,10,26000.1,18.05
0,2023-03-16,5- Year,10.5,350.1,13.4666
0,2023-04-13,3- Year,10,143741.3,18.3354
0,2023-05-11,3- Year,10,62884.8,18.921
0,2023-06-16,3- Year,10,126906.7,19.2462
0,2023-07-04,3- Year,12,105629.5,19.3499
0,2023-08-03,3- Year,12,79714.5,19.3244
0,2023-08-03,5- Year,10.5,105.1,15.95
0,2023-09-19,3- Year,12,3260.2,19.3229
0,2023-09-19,5- Year,10.5,300.1,16.95
0,2023-09-19,10- Year,11,100.5,15.25
0,2023-10-03,3- Year,12,110262.2,19.1649
0,2023-10-03,5- Year,10.5,2994.3,16.9268
0,2023-10-03,10- Year,11,1459.4,15.227
0,1899-12-30,0.14000000000000001,10.5,0.11,11
0,2023-11-10,3- Year,12,139085.6,17.3794
0,2023-11-10,5- Year,10.5,46733.5,15.9025
0,2023-11-10,10- Year,14,66483.6,15.0905
0,2023-12-21,3- Year,12,246681.1,16.9173
0,2023-12-21,5- Year,10.5,42598.1,15.8076
0,2023-12-21,10- Year,14,107293,14.9697
0,2024-01-17,3- Year,12,97353.5,16.5977
0,2024-01-17,5- Year,14,61954.1,15.3764
0,2024-01-17,10- Year,14,2771,14.375
0,2024-02-15,3- Year,14,70074.3,16.7273
0,2024-02-15,5- Year,14,13724.7,15.5476
0,2024-02-15,10- Year,14,1544,14.49
0,2024-03-14,3- Year,14,42916.9,16.6747
0,2024-03-14,5- Year,14,11812.9,15.4629
0,2024-03-14,10- Year,14,1218,14.275
0,2024-04-17,3- Year,14,4135.7,16.65
0,2024-04-17,5- Year,14,1643.2,15.42
0,2024-04-17,10- Year,14,1052,14.275
0,2024-05-23,3- Year,14,32541.4,16.6019
0,2024-05-23,5- Year,14,49115,15.3779
0,2024-05-23,10- Year,14,15225,14.2576
0,2024-06-26,3- Year,14,116025.1,16.5557
0,2024-06-26,5- Year,14,1475.1,15.4475
0,2024-06-26,10- Year,14,13900,14.2471
0,2024-07-10,3- Year,14,63211.5,16.4665
0,2024-07-10,5- Year,14,17855,15.4053
0,2024-08-01,3- Year,14,106988.9,16.1599
0,2024-08-01,5- Year,14,33697.1,15.2786
0,2024-09-20,2- Year,,43310.4,13.98
0,2024-09-20,3- Year,14,26375.2,12.8995
0,2024-09-20,5- Year,14,26016.4,13.4
0,2024-09-20,10- Year,13,17006,13.1415
0,2024-10-18,2- Year,,33011.5,13.2341
0,2024-10-18,3- Year,14,30403.2,12.4305
0,2024-10-18,5- Year,14,68032.1,12.7385
0,2024-10-18,10- Year,13,65940,12.8951
0,2024-11-21,2- Year,,149507.4,12.9936
0,2024-11-21,3- Year,14,17657,12.3949
0,2024-11-21,5- Year,14,163498.6,12.6635
0,2024-11-21,10- Year,13,37288.6,12.8375
0,2024-12-19,2- Year,,58644.2,12.4656
0,2024-12-19,3- Year,14,41227.9,12.4069
0,2024-12-19,5- Year,14,185181.1,12.5387
0,2024-12-19,10- Year,13,96775,12.611
0,2025-01-16,2- Year,,189723,11.9138
0,2025-01-16,3- Year,12,93730,11.8899
0,2025-01-16,5- Year,12,119546.1,12.3709
0,2025-01-16,10- Year,12,17712.5,12.7566
0,2025-02-13,2- Year,,95236.6,11.6888
0,2025-02-13,3- Year,12,7623,11.7085
0,2025-02-13,5- Year,12,242422,12.3607
0,2025-02-13,10- Year,12,131080,12.6546
0,2025-03-13,5- Year,12,6020,12.3595
0,2025-03-13,10- Year,12,9802,12.7635
0,2025-04-10,2- Year,,41615,11.8965
0,2025-04-10,3- Year,12,38582.1,11.8603
0,2025-04-10,5- Year,12,98548,12.285
0,2025-04-10,10- Year,12,248386,12.7832
0,2025-05-08,2- Year,,105591.4,11.6427
0,2025-05-08,3- Year,12,71762.7,11.6524
0,2025-05-08,5- Year,12,69145,12.1111
0,2025-05-08,10- Year,12,53020,12.534
0,2025-06-19,2- Year,,63135,11.3581
0,2025-06-19,3- Year,12,37013,11.3747
0,2025-06-19,5- Year,12,130433,11.6929
0,2025-06-19,10- Year,12,38197.1,12.3899
0,2025-06-19,15- Year,,288000,12.7
0,2025-07-17,2- Year,,39267.9,10.8222
0,2025-07-17,3- Year,10.5,41765.2,11.004
0,2025-07-17,5- Year,11,254840,11.2919
0,2025-07-17,10- Year,11.5,6449.3,12.2
0,2025-08-04,2- Year,,28040,11.0537
0,2025-08-04,3- Year,10.5,46840.7,11.0944
0,2025-08-04,5- Year,11,43374.8,11.3822
0,2025-08-04,10- Year,11.5,220590.3,12.1453
0,2025-08-04,15- Year,,300087.5,12.4433
0,2025-09-08,2- Year,,43289,11.1566
0,2025-09-08,3- Year,10.5,8145.4,11.1114
0,2025-09-08,5- Year,11,114993.6,11.4115
0,2025-09-08,10- Year,11.5,207855.3,12.0058
0,2025-09-08,15- Year,,280000,12.38
0,2025-10-15,2- Year,,17553,11.3209
0,2025-10-15,3- Year,10.5,13858.5,11.3446
0,2025-10-15,5- Year,11,12912.5,11.4916
0,2025-10-15,10- Year,11.5,337402,11.9097
0,2025-10-15,15- Year,,125006,12.304
0,2025-11-06,2- Year,,63775.1,11.4473
0,2025-11-06,3- Year,10.5,144838,11.4354
0,2025-11-06,5- Year,11,97475,11.5788
0,2025-11-06,10- Year,11.5,146553.8,11.9316
0,2025-11-06,15- Year,,340010.6,12.25
0,2025-12-18,2- Year,,116870,10.7543
0,2025-12-18,3- Year,10.5,84340.1,10.8364
0,2025-12-18,5- Year,11,103360,11.1379
0,2025-12-18,10- Year,11.5,104197.1,11.6648
0,2025-12-18,15- Year,,36200,11.9949
0,2026-01-15,2- Year,,113736.7,10.1837
0,2026-01-15,3- Year,10.25,156595.7,10.1214
0,2026-01-15,5- Year,10.5,133065,10.4619
0,2026-01-15,10- Year,11,142925,10.9877
0,2026-02-09,2- Year,,48258,10.3204
0,2026-02-09,3- Year,10.25,170296.2,10.2098
0,2026-02-09,5- Year,10.5,217770,10.7059
0,2026-02-09,10- Year,11,61650,11.1751
0,2026-02-09,15- Year,,53000,11.4349
0,2026-03-27,2- Year,,42080,12.4137
0,2026-03-27,3- Year,10.25,65512,12.3376
0,2026-03-27,5- Year,10.5,33640,12.4381
0,2026-03-27,15- Year,,325000,12.4
0,2026-05-19,2- Year,,26330,13.1462
0,2026-05-19,3- Year,12,11623.1,13.2466
0,2026-05-19,5- Year,12.25,37395.1,12.914
0,2026-05-19,10- Year,12.5,55440,12.832
0,2026-05-19,15- Year,,521000,12.9
0,2026-06-18,2- Year,,4457.2,12.14
0,2026-06-18,3- Year,12,170397.1,12.0593
0,2026-06-18,5- Year,12.25,349690.1,12.0923
0,2026-06-18,10- Year,12.5,123996.6,12.5713
