auction_number,auction_date,realized_amount_million_pkr,tenor,weighted_average_yield_pct
1st,1998-06-24,23623.24,6-Month,15.7033
2nd,1998-07-13,7708.23,3-Month,14.6157
2nd,1998-07-13,7708.23,6-Month,15.4142
2nd,1998-07-13,7708.23,12-Month,16
3rd,1998-07-22,2305.36,6-Month,15.7402
4th,1998-08-04,21261.33,3-Month,13.8174
4th,1998-08-04,21261.33,6-Month,15.2905
4th,1998-08-04,21261.33,12-Month,15.9
5th,1998-08-17,19628.07,3-Month,13.7083
5th,1998-08-17,19628.07,6-Month,14.9434
5th,1998-08-17,19628.07,12-Month,15.7803
6th,1998-09-03,20526.84,6-Month,13.8548
6th,1998-09-03,20526.84,12-Month,15.3924
7th,1998-09-28,9255.2,6-Month,13.5467
7th,1998-09-28,9255.2,12-Month,15.1701
8th,1998-10-12,1910.04,12-Month,15.1808
10th,1998-11-03,23149.34,12-Month,14.1285
11th,1998-11-16,6981.53,3-Month,9.5002
11th,1998-11-16,6981.53,6-Month,11.9609
11th,1998-11-16,6981.53,12-Month,12.9944
12th,1998-12-03,5998.96,6-Month,11.9342
12th,1998-12-03,5998.96,12-Month,12.9944
13th,1998-12-22,2207.54,6-Month,11.8724
13th,1998-12-22,2207.54,12-Month,12.9809
14th,1999-01-09,5310.86,6-Month,12.1011
14th,1999-01-09,5310.86,12-Month,12.9755
15th,1999-01-20,8364.98,3-Month,12.1124
15th,1999-01-20,8364.98,6-Month,12.4582
15th,1999-01-20,8364.98,12-Month,13.1684
16th,1999-02-01,20217.27,3-Month,12.4334
16th,1999-02-01,20217.27,6-Month,12.8696
16th,1999-02-01,20217.27,12-Month,13.54
17th,1999-02-13,15086.1,3-Month,12.7141
17th,1999-02-13,15086.1,6-Month,13.2991
17th,1999-02-13,15086.1,12-Month,13.8117
18th,1999-03-03,10978.54,3-Month,12.3706
18th,1999-03-03,10978.54,6-Month,12.9581
19th,1999-03-25,3860.06,3-Month,10.733
19th,1999-03-25,3860.06,6-Month,11.3501
19th,1999-03-25,3860.06,12-Month,11.8043
20th,1999-04-21,211.15,6-Month,10.5987
20th,1999-04-21,211.15,12-Month,11.4951
22nd,1999-05-26,2449.45,3-Month,8.3704
23rd,1999-06-09,10210.51,3-Month,7.5266
24th,1999-06-23,12580.09,3-Month,6.6599
24th,1999-06-23,12580.09,12-Month,10.0979
25th,1999-07-07,2063.78,12-Month,10.3307
26th,1999-07-21,6403.1,3-Month,6.9627
26th,1999-07-21,6403.1,12-Month,10.2901
27th,1999-08-11,15569.91,3-Month,6.9443
27th,1999-08-11,15569.91,12-Month,10.1841
28th,1999-08-25,9919.75,3-Month,7.8593
28th,1999-08-25,9919.75,6-Month,9.4286
28th,1999-08-25,9919.75,12-Month,10.1996
29th,1999-09-08,17856.24,3-Month,8.7985
29th,1999-09-08,17856.24,6-Month,10.0537
29th,1999-09-08,17856.24,12-Month,10.3234
30th,1999-09-22,5428.64,3-Month,8.9583
30th,1999-09-22,5428.64,6-Month,10.2488
30th,1999-09-22,5428.64,12-Month,10.7313
31st,1999-10-06,2187.07,6-Month,10.3554
33rd,1999-11-03,26708.09,3-Month,8.7774
33rd,1999-11-03,26708.09,6-Month,9.9434
33rd,1999-11-03,26708.09,12-Month,10.6126
34th,1999-11-17,5884.4,3-Month,8.8226
34th,1999-11-17,5884.4,6-Month,10.1345
34th,1999-11-17,5884.4,12-Month,10.8707
35th,1999-12-01,1742.63,3-Month,8.8678
35th,1999-12-01,1742.63,6-Month,10.156
35th,1999-12-01,1742.63,12-Month,10.7721
36th,1999-12-15,1833.81,6-Month,10.0972
36th,1999-12-15,1833.81,12-Month,10.3281
37th,1999-12-29,201.77,12-Month,10.3061
38th,2000-01-12,95.94,6-Month,8.4869
39th,2000-01-26,2719.69,3-Month,8.0099
39th,2000-01-26,2719.69,6-Month,8.4283
39th,2000-01-26,2719.69,12-Month,8.9451
40th,2000-02-09,8746.78,3-Month,7.5414
40th,2000-02-09,8746.78,6-Month,7.96
40th,2000-02-09,8746.78,12-Month,8.4359
41st,2000-02-23,2642.95,3-Month,7.2899
41st,2000-02-23,2642.95,6-Month,7.4462
41st,2000-02-23,2642.95,12-Month,7.8965
42nd,2000-03-08,71.35,12-Month,7.8924
43rd,2000-03-22,870.03,3-Month,7.2868
43rd,2000-03-22,870.03,6-Month,7.444
43rd,2000-03-22,870.03,12-Month,7.8949
44th,2000-04-05,8318.59,3-Month,7.1103
44th,2000-04-05,8318.59,6-Month,7.1961
44th,2000-04-05,8318.59,12-Month,7.6851
45th,2000-04-19,4674.8,3-Month,6.9757
45th,2000-04-19,4674.8,6-Month,7.1262
45th,2000-04-19,4674.8,12-Month,7.5916
46th,2000-05-03,20762.14,3-Month,6.9374
46th,2000-05-03,20762.14,6-Month,7.0925
46th,2000-05-03,20762.14,12-Month,7.5836
47th,2000-05-17,2263.23,3-Month,6.9757
47th,2000-05-17,2263.23,6-Month,7.2024
47th,2000-05-17,2263.23,12-Month,7.6172
48th,2000-05-31,1198.66,3-Month,6.9533
48th,2000-05-31,1198.66,6-Month,7.2178
48th,2000-05-31,1198.66,12-Month,7.6086
49th,2000-06-14,984.3,3-Month,6.9308
51st,2000-07-12,8750.29,3-Month,6.8486
51st,2000-07-12,8750.29,6-Month,7.1376
52nd,2000-07-26,7780.42,3-Month,7.0302
52nd,2000-07-26,7780.42,6-Month,7.2339
52nd,2000-07-26,7780.42,12-Month,7.7771
53rd,2000-08-09,698.65,6-Month,7.3816
53rd,2000-08-09,698.65,12-Month,7.9595
54th,2000-08-23,1520.62,6-Month,7.3816
54th,2000-08-23,1520.62,12-Month,8.0122
55th,2000-09-06,255.08,6-Month,7.4462
55th,2000-09-06,255.08,12-Month,8.1039
56th,2000-09-20,11834.92,3-Month,7.9522
56th,2000-09-20,11834.92,6-Month,8.1397
56th,2000-09-20,11834.92,12-Month,8.9253
57th,2000-10-04,11036.69,3-Month,10.2269
57th,2000-10-04,11036.69,6-Month,10.4684
57th,2000-10-04,11036.69,12-Month,10.9098
58th,2000-10-18,189.6,6-Month,11.0006
59th,2000-11-01,12790.27,6-Month,10.9923
59th,2000-11-01,12790.27,12-Month,11.4789
60th,2000-11-15,426.69,6-Month,10.956
61st,2000-11-29,993.03,6-Month,10.9225
61st,2000-11-29,993.03,12-Month,11.4893
62nd,2000-12-13,585.28,6-Month,10.956
62nd,2000-12-13,585.28,12-Month,11.4893
64th,2001-01-24,5217.19,3-Month,10.5026
64th,2001-01-24,5217.19,6-Month,10.956
65th,2001-02-07,2861.88,3-Month,10.5026
65th,2001-02-07,2861.88,6-Month,10.956
65th,2001-02-07,2861.88,12-Month,11.4425
66th,2001-02-21,2926.2,3-Month,10.9589
67th,2001-03-07,7510.58,3-Month,10.9589
68th,2001-03-21,13203.74,3-Month,11.1592
68th,2001-03-21,13203.74,6-Month,11.5513
68th,2001-03-21,13203.74,12-Month,11.9522
69th,2001-04-03,18511.96,3-Month,11.0833
69th,2001-04-03,18511.96,6-Month,11.5379
69th,2001-04-03,18511.96,12-Month,11.959
70th,2001-04-18,4392.58,6-Month,11.5375
70th,2001-04-18,4392.58,12-Month,11.9849
71st,2001-05-02,19718.56,3-Month,11.1258
71st,2001-05-02,19718.56,6-Month,11.5095
71st,2001-05-02,19718.56,12-Month,11.9717
72nd,2001-05-16,4252.95,6-Month,11.5694
72nd,2001-05-16,4252.95,12-Month,11.9773
73rd,2001-05-30,20613.56,3-Month,11.1669
73rd,2001-05-30,20613.56,6-Month,11.5994
73rd,2001-05-30,20613.56,12-Month,11.9905
74th,2001-06-13,10915.78,3-Month,11.7856
74th,2001-06-13,10915.78,6-Month,12.1749
74th,2001-06-13,10915.78,12-Month,12.5266
75th,2001-06-27,15491.42,3-Month,12.2214
75th,2001-06-27,15491.42,6-Month,12.8756
75th,2001-06-27,15491.42,12-Month,12.9353
76th,2001-07-11,6132.91,3-Month,12.1495
76th,2001-07-11,6132.91,6-Month,12.5551
77th,2001-07-25,11315.59,3-Month,11.3329
77th,2001-07-25,11315.59,6-Month,11.579
77th,2001-07-25,11315.59,12-Month,11.9843
78th,2001-08-08,8415.58,3-Month,11.1746
78th,2001-08-08,8415.58,6-Month,11.364
78th,2001-08-08,8415.58,12-Month,11.734
79th,2001-08-22,16532.72,3-Month,10.038
79th,2001-08-22,16532.72,6-Month,10.4667
79th,2001-08-22,16532.72,12-Month,10.8221
80th,2001-09-05,11430.17,3-Month,10.2247
80th,2001-09-05,11430.17,6-Month,10.486
80th,2001-09-05,11430.17,12-Month,10.8392
81st,2001-09-19,1178.84,3-Month,10.1838
81st,2001-09-19,1178.84,6-Month,10.4969
81st,2001-09-19,1178.84,12-Month,10.8699
82nd,2001-10-03,7737.85,3-Month,10.0018
82nd,2001-10-03,7737.85,6-Month,10.3982
82nd,2001-10-03,7737.85,12-Month,10.7592
83rd,2001-10-17,3231.11,6-Month,10.2889
83rd,2001-10-17,3231.11,12-Month,10.7176
84th,2001-10-31,9208.18,3-Month,8.1752
84th,2001-10-31,9208.18,6-Month,8.5039
84th,2001-10-31,9208.18,12-Month,8.9971
85th,2001-11-14,7508.83,3-Month,7.9648
85th,2001-11-14,7508.83,6-Month,8.3047
85th,2001-11-14,7508.83,12-Month,8.8986
86th,2001-11-28,9806.76,3-Month,7.9648
86th,2001-11-28,9806.76,6-Month,8.2578
86th,2001-11-28,9806.76,12-Month,8.7405
87th,2001-12-12,2622.99,6-Month,8.1398
87th,2001-12-12,2622.99,12-Month,8.5421
88th,2001-12-26,9307.36,3-Month,7.6496
88th,2001-12-26,9307.36,6-Month,7.9284
88th,2001-12-26,9307.36,12-Month,8.3995
89th,2002-01-09,8089.56,6-Month,7.7659
89th,2002-01-09,8089.56,12-Month,8.2044
90th,2002-01-23,11744.5,3-Month,6.1331
90th,2002-01-23,11744.5,6-Month,6.3472
90th,2002-01-23,11744.5,12-Month,6.8176
91st,2002-02-06,24777.97,3-Month,5.362
91st,2002-02-06,24777.97,6-Month,5.645
91st,2002-02-06,24777.97,12-Month,6.3827
92nd,2002-02-20,13093.08,6-Month,6.3862
92nd,2002-02-20,13093.08,12-Month,6.9029
93rd,2002-03-06,11392.48,3-Month,5.8124
93rd,2002-03-06,11392.48,6-Month,6.4657
93rd,2002-03-06,11392.48,12-Month,7.0054
94th,2002-03-20,25575.82,3-Month,5.7366
94th,2002-03-20,25575.82,6-Month,6.4435
94th,2002-03-20,25575.82,12-Month,6.9536
95th,2002-04-03,3693.8,6-Month,6.48
95th,2002-04-03,3693.8,12-Month,7.0054
96th,2002-04-17,5882.04,6-Month,6.4488
96th,2002-04-17,5882.04,12-Month,6.9817
97th,2002-05-02,32973.06,3-Month,5.7678
97th,2002-05-02,32973.06,6-Month,6.3841
97th,2002-05-02,32973.06,12-Month,6.9598
98th,2002-05-15,38733.14,6-Month,6.3865
98th,2002-05-15,38733.14,12-Month,6.9536
99th,2002-05-29,9142.53,3-Month,5.7959
99th,2002-05-29,9142.53,6-Month,6.4319
99th,2002-05-29,9142.53,12-Month,6.9681
100th,2002-06-12,4105.12,6-Month,6.4176
100th,2002-06-12,4105.12,12-Month,6.9939
101st,2002-06-26,10520.51,6-Month,6.281
102nd,2002-07-10,66055.7,3-Month,5.8124
102nd,2002-07-10,66055.7,6-Month,6.2719
102nd,2002-07-10,66055.7,12-Month,6.8174
103rd,2002-07-24,10417.33,6-Month,6.4045
104th,2002-08-07,27909.56,6-Month,6.3985
105th,2002-08-21,24642.81,3-Month,5.7976
105th,2002-08-21,24642.81,12-Month,6.9407
106th,2002-09-04,17080.61,6-Month,6.3919
107th,2002-09-18,26314.81,6-Month,6.3651
109th,2002-10-16,19144.33,6-Month,6.3448
110th,2002-10-30,37434.87,12-Month,6.8711
111th,2002-11-13,20936.25,6-Month,6.3581
112th,2002-11-27,24469,6-Month,4.762
113th,2002-12-11,12970.31,6-Month,4.3247
114th,2002-12-24,19324.67,3-Month,3.902
114th,2002-12-24,19324.67,12-Month,4.3597
115th,2003-01-08,33164.54,6-Month,3.8427
116th,2003-01-22,27601.98,3-Month,3.1755
116th,2003-01-22,27601.98,12-Month,3.6318
117th,2003-02-04,43925.37,6-Month,3.1943
118th,2003-02-19,9887.64,3-Month,3.1725
118th,2003-02-19,9887.64,12-Month,3.6012
119th,2003-03-05,30333.65,6-Month,2.0915
120th,2003-03-19,40237.07,3-Month,1.9604
120th,2003-03-19,40237.07,12-Month,2.6588
121st,2003-04-02,4116.36,6-Month,1.6389
122nd,2003-04-16,24308.65,3-Month,1.6575
122nd,2003-04-16,24308.65,12-Month,2.6087
123rd,2003-05-01,12100.75,6-Month,1.654
124th,2003-05-14,40882.17,12-Month,2.5772
125th,2003-05-28,23489.29,6-Month,1.799
126th,2003-06-11,25403.2,12-Month,2.3558
127th,2003-06-25,1487.65,6-Month,1.6558
128th,2003-07-09,75718.12,3-Month,1.6575
128th,2003-07-09,75718.12,12-Month,2.1483
129th,2003-07-23,26937.27,6-Month,1.2116
130th,2003-08-06,51353.89,3-Month,0.9949
130th,2003-08-06,51353.89,12-Month,1.3963
131st,2003-08-20,36479.06,6-Month,1.2147
132nd,2003-09-03,19484.35,3-Month,1.3772
132nd,2003-09-03,19484.35,12-Month,1.9296
133rd,2003-09-17,14434.33,6-Month,1.6072
134th,2003-10-01,1494.9,3-Month,1.465
136th,2003-10-29,38469.42,3-Month,1.4589
136th,2003-10-29,38469.42,12-Month,1.9473
137th,2003-11-12,198.36,6-Month,1.6581
138th,2003-11-25,196.16,12-Month,1.9848
139th,2003-12-10,297.56,6-Month,1.6445
140th,2003-12-24,196.12,12-Month,1.9893
141st,2004-01-07,8232.56,6-Month,1.6429
142nd,2004-01-21,9918.87,3-Month,1.4762
142nd,2004-01-21,9918.87,12-Month,1.9571
143rd,2004-02-11,29324.5,6-Month,1.675
144th,2004-02-18,39155.67,3-Month,1.4914
144th,2004-02-18,39155.67,12-Month,1.9748
145th,2004-03-03,18276.83,6-Month,1.7356
146th,2004-03-17,41124.52,3-Month,1.5241
146th,2004-03-17,41124.52,12-Month,1.9962
147th,2004-03-31,20500.73,6-Month,1.8026
148th,2004-04-14,16814.94,3-Month,1.6137
148th,2004-04-14,16814.94,12-Month,2.0685
149th,2004-04-27,990.9,6-Month,1.8418
150th,2004-05-12,57159.13,3-Month,1.7019
150th,2004-05-12,57159.13,12-Month,2.1867
151st,2004-05-26,1583.61,6-Month,2.0756
154th,2004-07-07,65185.55,3-Month,2.0169
154th,2004-07-07,65185.55,12-Month,2.6912
155th,2004-07-21,66908.3,6-Month,2.5229
156th,2004-08-04,50888.52,3-Month,2.126
156th,2004-08-04,50888.52,12-Month,2.8336
157th,2004-08-18,46789.58,6-Month,2.6164
158th,2004-09-01,61055.09,3-Month,2.2317
158th,2004-09-01,61055.09,12-Month,2.9684
159th,2004-09-15,1083.79,6-Month,3.0005
160th,2004-09-29,17332.44,3-Month,2.9474
161st,2004-10-13,1230.44,6-Month,3.1889
162nd,2004-10-27,20194.27,3-Month,3.2228
162nd,2004-10-27,20194.27,12-Month,3.8419
163rd,2004-11-10,2405.24,6-Month,3.7321
164th,2004-11-24,26261.46,3-Month,3.7783
164th,2004-11-24,26261.46,12-Month,4.429
166th,2004-12-22,15113.79,3-Month,3.9161
167th,2005-01-05,26892.39,6-Month,4.1584
168th,2005-01-19,77002.01,3-Month,4.1397
168th,2005-01-19,77002.01,12-Month,4.9557
169th,2005-02-02,976.65,6-Month,4.7948
170th,2005-02-16,62346.87,3-Month,4.6972
170th,2005-02-16,62346.87,12-Month,5.4891
171st,2005-03-02,15421.34,6-Month,5.1845
172nd,2005-03-16,78792.5,3-Month,4.9363
172nd,2005-03-16,78792.5,12-Month,5.7213
173rd,2005-03-30,21947.34,6-Month,5.507
174th,2005-04-13,98772.43,3-Month,5.814
174th,2005-04-13,98772.43,12-Month,7.1046
175th,2005-04-27,7881.9,6-Month,7.0762
176th,2005-05-11,86138.23,3-Month,7.0261
176th,2005-05-11,86138.23,12-Month,7.911
177th,2005-05-25,40.95,6-Month,7.8234
178th,2005-06-08,490.85,3-Month,7.3801
178th,2005-06-08,490.85,6-Month,7.897
178th,2005-06-08,490.85,12-Month,8.2952
179th,2005-06-22,105576.7,3-Month,7.479
179th,2005-06-22,105576.7,6-Month,7.9447
179th,2005-06-22,105576.7,12-Month,8.4009
180th,2005-07-06,76414.86,3-Month,7.5489
180th,2005-07-06,76414.86,6-Month,7.9761
180th,2005-07-06,76414.86,12-Month,8.4561
181st,2005-07-20,17443.35,3-Month,7.6946
181st,2005-07-20,17443.35,6-Month,7.9677
181st,2005-07-20,17443.35,12-Month,8.6884
182nd,2005-08-03,54781.02,3-Month,7.7488
182nd,2005-08-03,54781.02,6-Month,8.0231
182nd,2005-08-03,54781.02,12-Month,8.6986
183rd,2005-08-17,14152.57,3-Month,7.8436
183rd,2005-08-17,14152.57,6-Month,8.1056
183rd,2005-08-17,14152.57,12-Month,8.7865
184th,2005-08-31,105887.67,3-Month,7.9919
184th,2005-08-31,105887.67,6-Month,8.1245
184th,2005-08-31,105887.67,12-Month,8.783
185th,2005-09-14,9269.17,3-Month,8.1
185th,2005-09-14,9269.17,6-Month,8.1388
185th,2005-09-14,9269.17,12-Month,8.7907
186th,2005-09-28,8232.56,3-Month,8.1
186th,2005-09-28,8232.56,6-Month,8.1388
186th,2005-09-28,8232.56,12-Month,8.7896
187th,2005-10-12,4270.7,3-Month,8.1
187th,2005-10-12,4270.7,6-Month,8.1388
187th,2005-10-12,4270.7,12-Month,8.7907
188th,2005-10-26,18476.57,3-Month,8.0954
188th,2005-10-26,18476.57,6-Month,8.1388
188th,2005-10-26,18476.57,12-Month,8.7687
189th,2005-11-08,7063.96,3-Month,8.1
189th,2005-11-08,7063.96,6-Month,8.1388
189th,2005-11-08,7063.96,12-Month,8.7674
190th,2005-11-23,57208.62,3-Month,8.1
190th,2005-11-23,57208.62,6-Month,8.2583
190th,2005-11-23,57208.62,12-Month,8.7666
191st,2005-12-07,18020.78,12-Month,8.7874
192nd,2005-12-21,68479.04,3-Month,8.0895
192nd,2005-12-21,68479.04,6-Month,8.2451
192nd,2005-12-21,68479.04,12-Month,8.7648
193rd,2006-01-04,46726.17,3-Month,8.1
193rd,2006-01-04,46726.17,6-Month,8.2742
193rd,2006-01-04,46726.17,12-Month,8.7768
194th,2006-01-18,8447.61,3-Month,8.1
194th,2006-01-18,8447.61,6-Month,8.291
194th,2006-01-18,8447.61,12-Month,8.7523
195th,2006-02-01,14161.78,3-Month,8.1
195th,2006-02-01,14161.78,6-Month,8.291
195th,2006-02-01,14161.78,12-Month,8.7843
196th,2006-02-15,5868.49,3-Month,8.1
196th,2006-02-15,5868.49,12-Month,8.7907
197th,2006-03-01,7477.28,3-Month,8.1
197th,2006-03-01,7477.28,6-Month,8.291
197th,2006-03-01,7477.28,12-Month,8.7808
198th,2006-03-15,25003.28,3-Month,8.1
198th,2006-03-15,25003.28,6-Month,8.291
198th,2006-03-15,25003.28,12-Month,8.7832
199th,2006-03-29,37463.37,3-Month,8.1
199th,2006-03-29,37463.37,6-Month,8.291
199th,2006-03-29,37463.37,12-Month,8.7897
200th,2006-04-12,13663.76,3-Month,8.1
200th,2006-04-12,13663.76,6-Month,8.291
200th,2006-04-12,13663.76,12-Month,8.7878
201st,2006-04-26,459.7,12-Month,8.7907
202nd,2006-05-10,653.88,3-Month,8.1
202nd,2006-05-10,653.88,6-Month,8.2889
202nd,2006-05-10,653.88,12-Month,8.7907
203rd,2006-05-24,1113.6,3-Month,8.1
203rd,2006-05-24,1113.6,6-Month,8.291
203rd,2006-05-24,1113.6,12-Month,8.7907
204th,2006-06-07,25711.77,3-Month,8.2469
204th,2006-06-07,25711.77,6-Month,8.4179
204th,2006-06-07,25711.77,12-Month,8.7863
205th,2006-06-21,5399.03,3-Month,8.3256
205th,2006-06-21,5399.03,6-Month,8.4869
205th,2006-06-21,5399.03,12-Month,8.7907
206th,2006-07-05,76207.78,3-Month,8.3148
206th,2006-07-05,76207.78,6-Month,8.485
206th,2006-07-05,76207.78,12-Month,8.7903
207th,2006-07-19,14754.83,3-Month,8.3256
207th,2006-07-19,14754.83,6-Month,8.4869
207th,2006-07-19,14754.83,12-Month,8.7865
208th,2006-08-02,6263.67,3-Month,8.6115
208th,2006-08-02,6263.67,6-Month,8.8098
208th,2006-08-02,6263.67,12-Month,9.0046
209th,2006-08-16,11452.9,3-Month,8.6294
209th,2006-08-16,11452.9,6-Month,8.8142
209th,2006-08-16,11452.9,12-Month,9.0046
210th,2006-08-30,11086.99,3-Month,8.6417
210th,2006-08-30,11086.99,6-Month,8.8142
210th,2006-08-30,11086.99,12-Month,9.0046
211th,2006-09-13,19786.91,3-Month,8.6417
211th,2006-09-13,19786.91,6-Month,8.8142
211th,2006-09-13,19786.91,12-Month,9.0046
212th,2006-09-27,17966.59,3-Month,8.6417
212th,2006-09-27,17966.59,6-Month,8.8142
212th,2006-09-27,17966.59,12-Month,9.0046
213th,2006-10-11,15367.91,3-Month,8.6417
213th,2006-10-11,15367.91,6-Month,8.8142
213th,2006-10-11,15367.91,12-Month,9.0046
214th,2006-10-21,21623.3,3-Month,8.6417
214th,2006-10-21,21623.3,6-Month,8.8142
214th,2006-10-21,21623.3,12-Month,9.0046
215th,2006-11-08,44883.38,3-Month,8.6368
215th,2006-11-08,44883.38,6-Month,8.819
215th,2006-11-08,44883.38,12-Month,9.002
216th,2006-11-22,60680.82,3-Month,8.6417
216th,2006-11-22,60680.82,6-Month,8.8142
216th,2006-11-22,60680.82,12-Month,9.0046
217th,2006-12-06,37050.33,3-Month,8.6417
217th,2006-12-06,37050.33,6-Month,8.8142
217th,2006-12-06,37050.33,12-Month,9.0046
218th,2006-12-20,16450.42,3-Month,8.6417
218th,2006-12-20,16450.42,6-Month,8.8142
218th,2006-12-20,16450.42,12-Month,9.0046
219th,2006-12-30,34271.89,3-Month,8.6417
219th,2006-12-30,34271.89,6-Month,8.8142
219th,2006-12-30,34271.89,12-Month,9.0046
220th,2007-01-17,36088.07,3-Month,8.6417
220th,2007-01-17,36088.07,6-Month,8.8142
220th,2007-01-17,36088.07,12-Month,9.0046
221st,2007-01-31,70358.36,3-Month,8.6417
221st,2007-01-31,70358.36,6-Month,8.8142
221st,2007-01-31,70358.36,12-Month,9.0043
222nd,2007-02-14,48419.52,3-Month,8.6417
222nd,2007-02-14,48419.52,6-Month,8.8142
222nd,2007-02-14,48419.52,12-Month,9.0045
223rd,2007-02-28,37515.55,3-Month,8.6417
223rd,2007-02-28,37515.55,6-Month,8.8142
223rd,2007-02-28,37515.55,12-Month,9.0046
224th,2007-03-14,24821.43,12-Month,9.0031
225th,2007-03-28,45259.22,3-Month,8.6503
225th,2007-03-28,45259.22,6-Month,8.825
225th,2007-03-28,45259.22,12-Month,9.0156
226th,2007-04-11,52094.66,3-Month,8.6869
226th,2007-04-11,52094.66,6-Month,8.8669
226th,2007-04-11,52094.66,12-Month,9.0538
227th,2007-04-25,47802.52,3-Month,8.6869
227th,2007-04-25,47802.52,6-Month,8.9017
227th,2007-04-25,47802.52,12-Month,9.0784
228th,2007-05-09,19515.83,3-Month,8.6869
228th,2007-05-09,19515.83,6-Month,8.9017
228th,2007-05-09,19515.83,12-Month,9.091
229th,2007-05-23,7322.27,3-Month,8.6869
229th,2007-05-23,7322.27,6-Month,8.9017
229th,2007-05-23,7322.27,12-Month,9.1021
230th,2007-06-06,42948.92,6-Month,8.9017
230th,2007-06-06,42948.92,12-Month,9.1243
231st,2007-06-20,7330.4,12-Month,9.1597
232nd,2007-07-04,56426.11,3-Month,8.6869
232nd,2007-07-04,56426.11,6-Month,8.9017
232nd,2007-07-04,56426.11,12-Month,9.1597
233rd,2007-07-18,52869.76,6-Month,8.9017
233rd,2007-07-18,52869.76,12-Month,9.1593
234th,2007-08-01,9644.55,6-Month,9.0987
234th,2007-08-01,9644.55,12-Month,9.3727
235th,2007-08-15,30734.26,3-Month,9.0489
235th,2007-08-15,30734.26,6-Month,9.1426
235th,2007-08-15,30734.26,12-Month,9.3975
236th,2007-08-29,5485.8,12-Month,9.399
237th,2007-09-12,23058.65,12-Month,9.399
238th,2007-09-26,19383.16,12-Month,9.399
239th,2007-10-10,15497.11,12-Month,9.399
240th,2007-10-24,9366.71,6-Month,9.1426
240th,2007-10-24,9366.71,12-Month,9.399
241st,2007-11-07,32230.74,6-Month,9.1426
241st,2007-11-07,32230.74,12-Month,9.3932
242nd,2007-11-21,11458.84,6-Month,9.2084
242nd,2007-11-21,11458.84,12-Month,9.3961
243rd,2007-12-05,45158.4,3-Month,9.1071
243rd,2007-12-05,45158.4,6-Month,9.2229
243rd,2007-12-05,45158.4,12-Month,9.4058
244th,2007-12-19,6714.09,3-Month,9.1213
244th,2007-12-19,6714.09,6-Month,9.2584
244th,2007-12-19,6714.09,12-Month,9.4429
245th,2008-01-02,23597.09,3-Month,9.0942
245th,2008-01-02,23597.09,6-Month,9.2523
245th,2008-01-02,23597.09,12-Month,9.4371
246th,2008-01-16,7049.43,6-Month,9.2962
246th,2008-01-16,7049.43,12-Month,9.4493
248th,2008-02-13,45576.88,3-Month,9.3825
248th,2008-02-13,45576.88,6-Month,9.6141
248th,2008-02-13,45576.88,12-Month,9.8692
249th,2008-02-27,35434.7,3-Month,9.4568
249th,2008-02-27,35434.7,6-Month,9.7359
249th,2008-02-27,35434.7,12-Month,9.9908
250th,2008-03-12,28217.88,3-Month,9.5475
250th,2008-03-12,28217.88,6-Month,9.8223
250th,2008-03-12,28217.88,12-Month,10.0777
251st,2008-03-26,9.08,12-Month,10.1235
252nd,2008-04-09,37677.86,3-Month,9.561
252nd,2008-04-09,37677.86,6-Month,9.8686
252nd,2008-04-09,37677.86,12-Month,10.1251
253rd,2008-04-23,516.94,6-Month,9.8686
253rd,2008-04-23,516.94,12-Month,10.1357
254th,2008-05-07,29523.08,3-Month,9.6679
254th,2008-05-07,29523.08,6-Month,9.8931
254th,2008-05-07,29523.08,12-Month,10.1715
255th,2008-05-21,3505.35,3-Month,9.9506
255th,2008-05-21,3505.35,12-Month,10.3246
256th,2008-06-04,63460.37,3-Month,10.9769
256th,2008-06-04,63460.37,6-Month,11.1894
256th,2008-06-04,63460.37,12-Month,11.3931
257th,2008-06-18,15198.29,3-Month,11.3163
257th,2008-06-18,15198.29,6-Month,11.4723
257th,2008-06-18,15198.29,12-Month,11.6881
258th,2008-07-02,76844.14,3-Month,11.4512
258th,2008-07-02,76844.14,12-Month,11.7841
259th,2008-07-16,52613.62,3-Month,11.6528
259th,2008-07-16,52613.62,12-Month,11.8294
260th,2008-07-30,39951.17,3-Month,12.1688
261st,2008-08-13,35999.61,3-Month,12.2205
262nd,2008-08-27,34712.03,3-Month,12.3874
263rd,2008-09-10,14759.57,3-Month,12.5631
264th,2008-09-24,34264.95,3-Month,12.5631
264th,2008-09-24,34264.95,6-Month,12.6876
265th,2008-10-08,51111.02,3-Month,12.5518
266th,2008-10-22,60782.88,3-Month,12.5625
266th,2008-10-22,60782.88,6-Month,12.6649
266th,2008-10-22,60782.88,12-Month,12.7873
267th,2008-11-05,51540.01,3-Month,12.9066
268th,2008-11-19,103467.68,3-Month,13.6934
268th,2008-11-19,103467.68,6-Month,14.0108
269th,2008-12-03,81473.36,3-Month,13.8437
269th,2008-12-03,81473.36,6-Month,14.0108
270th,2008-12-17,70543.29,3-Month,13.8397
270th,2008-12-17,70543.29,6-Month,14.0108
271st,2008-12-31,67795.02,3-Month,13.8472
271st,2008-12-31,67795.02,6-Month,13.9959
271st,2008-12-31,67795.02,12-Month,14.2529
272nd,2009-01-14,79356.69,3-Month,13.8545
272nd,2009-01-14,79356.69,6-Month,14.0093
272nd,2009-01-14,79356.69,12-Month,14.2609
273rd,2009-01-28,79504.93,3-Month,13.7338
273rd,2009-01-28,79504.93,6-Month,13.9958
273rd,2009-01-28,79504.93,12-Month,14.1589
274th,2009-02-11,155220.3,3-Month,13.4553
274th,2009-02-11,155220.3,6-Month,13.7357
274th,2009-02-11,155220.3,12-Month,13.8408
275th,2009-02-25,124923.53,3-Month,12.5629
275th,2009-02-25,124923.53,6-Month,12.96
275th,2009-02-25,124923.53,12-Month,12.9881
276th,2009-03-11,111094.24,3-Month,11.4779
276th,2009-03-11,111094.24,6-Month,11.6684
276th,2009-03-11,111094.24,12-Month,11.7781
277th,2009-03-25,81395.94,3-Month,11.6498
277th,2009-03-25,81395.94,6-Month,11.7665
277th,2009-03-25,81395.94,12-Month,11.8475
278th,2009-04-08,63107.59,3-Month,12.5336
278th,2009-04-08,63107.59,6-Month,12.7641
278th,2009-04-08,63107.59,12-Month,12.9687
279th,2009-04-22,64724.62,3-Month,12.8896
279th,2009-04-22,64724.62,6-Month,12.9524
279th,2009-04-22,64724.62,12-Month,13.1351
280th,2009-05-06,71772.24,3-Month,12.9678
280th,2009-05-06,71772.24,6-Month,13.1105
280th,2009-05-06,71772.24,12-Month,13.2294
281st,2009-05-20,29489.02,6-Month,13.1423
281st,2009-05-20,29489.02,12-Month,13.2648
282nd,2009-06-03,53578.79,6-Month,13.1395
282nd,2009-06-03,53578.79,12-Month,13.2297
283rd,2009-06-17,56979.58,6-Month,12.0059
283rd,2009-06-17,56979.58,12-Month,12.0882
284th,2009-07-15,58349.25,3-Month,11.3064
284th,2009-07-15,58349.25,6-Month,11.3847
284th,2009-07-15,58349.25,12-Month,11.4703
285th,2009-07-29,44266.78,12-Month,11.7514
286th,2009-08-12,79908.16,12-Month,12.162
287th,2009-08-26,39622.53,3-Month,12.3603
287th,2009-08-26,39622.53,6-Month,12.4425
287th,2009-08-26,39622.53,12-Month,12.4204
288th,2009-09-09,51657.2,3-Month,12.4347
288th,2009-09-09,51657.2,6-Month,12.5785
288th,2009-09-09,51657.2,12-Month,12.4628
289th,2009-09-25,59418.83,3-Month,12.4423
289th,2009-09-25,59418.83,6-Month,12.5816
289th,2009-09-25,59418.83,12-Month,12.4751
290th,2009-10-07,23392.02,3-Month,12.4158
290th,2009-10-07,23392.02,6-Month,12.5738
290th,2009-10-07,23392.02,12-Month,12.5804
291st,2009-10-21,21940.45,3-Month,12.4385
291st,2009-10-21,21940.45,6-Month,12.5942
291st,2009-10-21,21940.45,12-Month,12.6091
292nd,2009-11-04,20788.11,3-Month,12.4252
292nd,2009-11-04,20788.11,6-Month,12.5517
292nd,2009-11-04,20788.11,12-Month,12.5202
293rd,2009-11-18,24871.09,3-Month,12.2873
293rd,2009-11-18,24871.09,6-Month,12.3222
293rd,2009-11-18,24871.09,12-Month,12.1916
294th,2009-12-02,14601.76,3-Month,12.1432
294th,2009-12-02,14601.76,6-Month,12.1514
294th,2009-12-02,14601.76,12-Month,12.0903
295th,2009-12-16,26138.09,3-Month,12.1425
295th,2009-12-16,26138.09,6-Month,12.2184
295th,2009-12-16,26138.09,12-Month,12.1913
296th,2009-12-30,15954.3,3-Month,12.0577
296th,2009-12-30,15954.3,6-Month,12.1009
296th,2009-12-30,15954.3,12-Month,12.0905
297th,2010-01-13,58720.82,3-Month,11.9201
297th,2010-01-13,58720.82,6-Month,12.0283
297th,2010-01-13,58720.82,12-Month,12.015
298th,2010-01-27,29852.61,3-Month,11.8726
298th,2010-01-27,29852.61,6-Month,11.897
298th,2010-01-27,29852.61,12-Month,11.9789
299th,2010-02-10,61780.54,3-Month,11.9159
299th,2010-02-10,61780.54,6-Month,12.0196
299th,2010-02-10,61780.54,12-Month,12.0506
300th,2010-02-24,108618.66,3-Month,12.1652
300th,2010-02-24,108618.66,6-Month,12.215
300th,2010-02-24,108618.66,12-Month,12.2697
301st,2010-03-10,85850.73,3-Month,12.1841
301st,2010-03-10,85850.73,6-Month,12.3
301st,2010-03-10,85850.73,12-Month,12.3607
302nd,2010-03-24,87547.46,3-Month,12.1954
302nd,2010-03-24,87547.46,6-Month,12.3351
302nd,2010-03-24,87547.46,12-Month,12.3578
303rd,2010-04-07,71435.99,3-Month,12.0942
303rd,2010-04-07,71435.99,6-Month,12.2374
303rd,2010-04-07,71435.99,12-Month,12.3041
304th,2010-04-21,84065.07,3-Month,12.1397
304th,2010-04-21,84065.07,6-Month,12.2656
304th,2010-04-21,84065.07,12-Month,12.3374
305th,2010-05-05,80868.51,3-Month,11.9604
305th,2010-05-05,80868.51,6-Month,12.1332
305th,2010-05-05,80868.51,12-Month,12.2076
306th,2010-05-19,77146.93,3-Month,11.8796
306th,2010-05-19,77146.93,6-Month,12.0884
306th,2010-05-19,77146.93,12-Month,12.1686
307th,2010-06-02,94147.89,3-Month,11.9898
307th,2010-06-02,94147.89,6-Month,12.1673
307th,2010-06-02,94147.89,12-Month,12.3018
308th,2010-06-16,121821.02,3-Month,12.0591
308th,2010-06-16,121821.02,6-Month,12.2705
308th,2010-06-16,121821.02,12-Month,12.3809
309th,2010-07-14,109716.23,3-Month,12.0939
309th,2010-07-14,109716.23,6-Month,12.3165
309th,2010-07-14,109716.23,12-Month,12.4367
310th,2010-07-28,125137.18,3-Month,12.0841
310th,2010-07-28,125137.18,6-Month,12.334
310th,2010-07-28,125137.18,12-Month,12.4483
311th,2010-08-11,118519.14,3-Month,12.4464
311th,2010-08-11,118519.14,6-Month,12.6491
311th,2010-08-11,118519.14,12-Month,12.7845
312th,2010-08-25,91556.98,3-Month,12.5076
312th,2010-08-25,91556.98,6-Month,12.6512
312th,2010-08-25,91556.98,12-Month,12.7846
313th,2010-09-08,81176.34,3-Month,12.545
313th,2010-09-08,81176.34,6-Month,12.6899
313th,2010-09-08,81176.34,12-Month,12.7872
314th,2010-09-22,60752.48,3-Month,12.6881
314th,2010-09-22,60752.48,6-Month,12.8226
315th,2010-10-06,90255.92,3-Month,12.8273
315th,2010-10-06,90255.92,6-Month,13.0719
315th,2010-10-06,90255.92,12-Month,13.2175
316th,2010-10-20,127822.74,3-Month,12.7733
316th,2010-10-20,127822.74,6-Month,13.0785
317th,2010-11-03,159140.03,3-Month,12.7468
317th,2010-11-03,159140.03,6-Month,13.1099
317th,2010-11-03,159140.03,12-Month,13.2353
318th,2010-11-15,56752.85,3-Month,12.8124
318th,2010-11-15,56752.85,6-Month,13.1833
318th,2010-11-15,56752.85,12-Month,13.3037
319th,2010-12-01,125597.8,3-Month,13.1004
319th,2010-12-01,125597.8,6-Month,13.3701
319th,2010-12-01,125597.8,12-Month,13.6548
320th,2010-12-15,121351.43,3-Month,13.1748
320th,2010-12-15,121351.43,6-Month,13.3888
320th,2010-12-15,121351.43,12-Month,13.6882
321st,2010-12-29,96519.2,3-Month,13.2032
321st,2010-12-29,96519.2,6-Month,13.4073
321st,2010-12-29,96519.2,12-Month,13.725
322nd,2011-01-12,166201.41,3-Month,13.3746
322nd,2011-01-12,166201.41,6-Month,13.4954
323rd,2011-01-26,196898.43,3-Month,13.5672
323rd,2011-01-26,196898.43,6-Month,13.6195
323rd,2011-01-26,196898.43,12-Month,13.8699
324th,2011-02-09,169904.85,3-Month,13.5227
324th,2011-02-09,169904.85,6-Month,13.6551
324th,2011-02-09,169904.85,12-Month,13.8339
325th,2011-02-23,158970.32,3-Month,13.4448
325th,2011-02-23,158970.32,6-Month,13.675
325th,2011-02-23,158970.32,12-Month,13.8473
326th,2011-03-09,177824.33,3-Month,13.3927
326th,2011-03-09,177824.33,6-Month,13.6453
326th,2011-03-09,177824.33,12-Month,13.8401
327th,2011-03-22,172557.27,3-Month,13.2542
327th,2011-03-22,172557.27,6-Month,13.6085
327th,2011-03-22,172557.27,12-Month,13.7726
328th,2011-04-06,209925.86,3-Month,13.25
328th,2011-04-06,209925.86,6-Month,13.6561
328th,2011-04-06,209925.86,12-Month,13.8322
329th,2011-04-20,239577.35,3-Month,13.2497
329th,2011-04-20,239577.35,6-Month,13.6098
329th,2011-04-20,239577.35,12-Month,13.833
330th,2011-05-04,264157.31,3-Month,13.0643
330th,2011-05-04,264157.31,6-Month,13.4528
330th,2011-05-04,264157.31,12-Month,13.7833
331st,2011-05-18,171930.44,3-Month,13.148
331st,2011-05-18,171930.44,6-Month,13.5421
331st,2011-05-18,171930.44,12-Month,13.8224
332nd,2011-06-01,138856.55,3-Month,13.4306
332nd,2011-06-01,138856.55,6-Month,13.6822
332nd,2011-06-01,138856.55,12-Month,13.8783
333rd,2011-06-15,181611.2,3-Month,13.4664
333rd,2011-06-15,181611.2,6-Month,13.7077
333rd,2011-06-15,181611.2,12-Month,13.883
334th,2011-06-29,72755.64,3-Month,13.4618
334th,2011-06-29,72755.64,6-Month,13.7283
334th,2011-06-29,72755.64,12-Month,13.9012
335th,2011-07-13,115896.41,3-Month,13.4808
335th,2011-07-13,115896.41,6-Month,13.7407
335th,2011-07-13,115896.41,12-Month,13.9048
336th,2011-07-27,126149.89,3-Month,13.518
336th,2011-07-27,126149.89,6-Month,13.7623
336th,2011-07-27,126149.89,12-Month,13.9072
337th,2011-08-10,182830.51,3-Month,13.0415
337th,2011-08-10,182830.51,6-Month,13.2489
337th,2011-08-10,182830.51,12-Month,13.3542
338th,2011-08-24,114025.56,3-Month,13.0288
338th,2011-08-24,114025.56,6-Month,13.2772
338th,2011-08-24,114025.56,12-Month,13.3392
339th,2011-09-07,160233.71,3-Month,13.0353
339th,2011-09-07,160233.71,6-Month,13.2631
339th,2011-09-07,160233.71,12-Month,13.3695
340th,2011-09-21,151390,3-Month,13.0351
340th,2011-09-21,151390,6-Month,13.1965
340th,2011-09-21,151390,12-Month,13.2888
341st,2011-10-05,182154.33,3-Month,12.6924
341st,2011-10-05,182154.33,6-Month,12.7424
341st,2011-10-05,182154.33,12-Month,12.8091
342nd,2011-10-19,121359.99,3-Month,11.867
342nd,2011-10-19,121359.99,6-Month,11.8978
342nd,2011-10-19,121359.99,12-Month,11.9252
343rd,2011-11-02,292977.95,3-Month,11.7806
343rd,2011-11-02,292977.95,6-Month,11.7903
343rd,2011-11-02,292977.95,12-Month,11.847
344th,2011-11-16,126705.31,3-Month,11.779
344th,2011-11-16,126705.31,6-Month,11.798
344th,2011-11-16,126705.31,12-Month,11.8654
345th,2011-11-30,113262.98,3-Month,11.645
345th,2011-11-30,113262.98,6-Month,11.6718
345th,2011-11-30,113262.98,12-Month,11.7816
347th,2011-12-28,3543.49,3-Month,11.8283
347th,2011-12-28,3543.49,12-Month,11.9019
348th,2012-01-11,107264.62,3-Month,11.7794
348th,2012-01-11,107264.62,6-Month,11.7812
348th,2012-01-11,107264.62,12-Month,11.8894
349th,2012-01-25,120311.47,3-Month,11.5623
349th,2012-01-25,120311.47,6-Month,11.6264
349th,2012-01-25,120311.47,12-Month,11.6903
350th,2012-02-08,158132.48,3-Month,11.714
350th,2012-02-08,158132.48,6-Month,11.7722
350th,2012-02-08,158132.48,12-Month,11.8417
351st,2012-02-22,13349.03,3-Month,11.7366
351st,2012-02-22,13349.03,6-Month,11.807
352nd,2012-03-07,125196.204,3-Month,11.798
352nd,2012-03-07,125196.204,6-Month,11.8677
352nd,2012-03-07,125196.204,12-Month,11.9211
353rd,2012-03-21,71060.566,3-Month,11.8645
353rd,2012-03-21,71060.566,6-Month,11.9288
353rd,2012-03-21,71060.566,12-Month,11.9396
354th,2012-04-04,151759.31,3-Month,11.867
354th,2012-04-04,151759.31,6-Month,11.9279
354th,2012-04-04,151759.31,12-Month,11.9396
355th,2012-04-18,164602.002,3-Month,11.8739
355th,2012-04-18,164602.002,6-Month,11.9414
356th,2012-05-02,172604.787,3-Month,11.874
356th,2012-05-02,172604.787,6-Month,11.9405
357th,2012-05-16,159422.526,3-Month,11.8723
357th,2012-05-16,159422.526,6-Month,11.942
357th,2012-05-16,159422.526,12-Month,11.9522
358th,2012-05-30,118081.578,3-Month,11.8742
358th,2012-05-30,118081.578,6-Month,11.942
359th,2012-06-13,69158.995,3-Month,11.8971
359th,2012-06-13,69158.995,6-Month,11.9366
359th,2012-06-13,69158.995,12-Month,11.9459
360th,2012-06-27,99648.999,3-Month,11.9181
360th,2012-06-27,99648.999,6-Month,11.9419
360th,2012-06-27,99648.999,12-Month,11.9521
361st,2012-07-11,308151.261,3-Month,11.8732
361st,2012-07-11,308151.261,6-Month,11.9165
361st,2012-07-11,308151.261,12-Month,11.9295
362nd,2012-07-25,365238.011,3-Month,11.816
362nd,2012-07-25,365238.011,6-Month,11.8424
362nd,2012-07-25,365238.011,12-Month,11.8502
363rd,2012-08-08,355563.121,3-Month,11.4382
363rd,2012-08-08,355563.121,6-Month,11.4893
363rd,2012-08-08,355563.121,12-Month,11.5946
364th,2012-08-17,147839.315,3-Month,10.406
364th,2012-08-17,147839.315,6-Month,10.4314
364th,2012-08-17,147839.315,12-Month,10.4649
365th,2012-09-05,302341.088,3-Month,10.2605
365th,2012-09-05,302341.088,6-Month,10.278
365th,2012-09-05,302341.088,12-Month,10.2938
366th,2012-09-19,284393.788,3-Month,10.2293
366th,2012-09-19,284393.788,6-Month,10.2307
366th,2012-09-19,284393.788,12-Month,10.2276
367th,2012-10-03,191626.115,3-Month,9.729
367th,2012-10-03,191626.115,6-Month,9.7406
367th,2012-10-03,191626.115,12-Month,9.7332
368th,2012-10-17,192649.122,3-Month,9.6383
368th,2012-10-17,192649.122,6-Month,9.6467
368th,2012-10-17,192649.122,12-Month,9.6946
369th,2012-10-31,305161.986,3-Month,9.2301
369th,2012-10-31,305161.986,6-Month,9.2253
369th,2012-10-31,305161.986,12-Month,9.2842
370th,2012-11-14,151824.564,3-Month,9.2369
370th,2012-11-14,151824.564,6-Month,9.264
370th,2012-11-14,151824.564,12-Month,9.3414
371st,2012-11-28,165621.854,3-Month,9.2825
371st,2012-11-28,165621.854,6-Month,9.3192
371st,2012-11-28,165621.854,12-Month,9.3795
372nd,2012-12-12,77925.706,3-Month,9.2754
372nd,2012-12-12,77925.706,6-Month,9.284
372nd,2012-12-12,77925.706,12-Month,9.3586
374th,2013-01-09,224087.929,3-Month,9.176
374th,2013-01-09,224087.929,6-Month,9.1923
374th,2013-01-09,224087.929,12-Month,9.2792
375th,2013-01-23,324496.467,3-Month,9.0922
375th,2013-01-23,324496.467,6-Month,9.1446
375th,2013-01-23,324496.467,12-Month,9.2354
376th,2013-02-06,233071.291,3-Month,9.0899
376th,2013-02-06,233071.291,6-Month,9.1498
376th,2013-02-06,233071.291,12-Month,9.2414
377th,2013-02-20,103811.353,3-Month,9.2149
377th,2013-02-20,103811.353,6-Month,9.3374
377th,2013-02-20,103811.353,12-Month,9.3651
378th,2013-03-06,146023.926,3-Month,9.2906
378th,2013-03-06,146023.926,6-Month,9.4044
378th,2013-03-06,146023.926,12-Month,9.411
379th,2013-03-20,131035.436,3-Month,9.3784
379th,2013-03-20,131035.436,6-Month,9.4185
380th,2013-04-03,163222.93,3-Month,9.3978
380th,2013-04-03,163222.93,6-Month,9.4135
380th,2013-04-03,163222.93,12-Month,9.435
381st,2013-04-17,39628.743,3-Month,9.4112
381st,2013-04-17,39628.743,6-Month,9.428
382nd,2013-04-30,168625.58,3-Month,9.428
382nd,2013-04-30,168625.58,6-Month,9.4291
382nd,2013-04-30,168625.58,12-Month,9.4303
383rd,2013-05-15,261575.594,3-Month,9.4013
383rd,2013-05-15,261575.594,6-Month,9.4133
383rd,2013-05-15,261575.594,12-Month,9.409
384th,2013-05-29,261653.074,3-Month,9.3615
384th,2013-05-29,261653.074,6-Month,9.332
384th,2013-05-29,261653.074,12-Month,9.3444
385th,2013-06-12,224513.563,3-Month,9.2301
385th,2013-06-12,224513.563,6-Month,9.2274
385th,2013-06-12,224513.563,12-Month,9.2084
386th,2013-06-26,153426.566,3-Month,8.9316
386th,2013-06-26,153426.566,6-Month,8.9161
386th,2013-06-26,153426.566,12-Month,8.9563
387th,2013-07-10,240325.291,3-Month,8.8872
387th,2013-07-10,240325.291,6-Month,8.9444
387th,2013-07-10,240325.291,12-Month,8.9566
388th,2013-07-24,275516.251,3-Month,8.9484
388th,2013-07-24,275516.251,6-Month,8.9597
388th,2013-07-24,275516.251,12-Month,8.9745
389th,2013-08-06,195712.528,3-Month,8.9542
389th,2013-08-06,195712.528,6-Month,8.9833
390th,2013-08-21,33082.806,3-Month,8.9583
390th,2013-08-21,33082.806,6-Month,8.9892
391st,2013-09-04,88293.251,3-Month,8.9583
392nd,2013-09-18,515937.914,3-Month,9.3496
392nd,2013-09-18,515937.914,6-Month,9.45
393rd,2013-10-02,342103.251,3-Month,9.3967
393rd,2013-10-02,342103.251,6-Month,9.45
394th,2013-10-14,130764.722,3-Month,9.4154
395th,2013-10-30,350174.472,3-Month,9.4088
395th,2013-10-30,350174.472,6-Month,9.464
396th,2013-11-12,64896.161,3-Month,9.4348
396th,2013-11-12,64896.161,6-Month,9.464
397th,2013-11-27,546352.217,3-Month,9.832
398th,2013-12-11,519558.656,3-Month,9.883
398th,2013-12-11,519558.656,6-Month,9.9791
399th,2013-12-24,393233.757,3-Month,9.8984
399th,2013-12-24,393233.757,6-Month,9.9791
400th,2014-01-08,95002.182,3-Month,9.9438
400th,2014-01-08,95002.182,6-Month,9.9491
400th,2014-01-08,95002.182,12-Month,9.99
401st,2014-01-22,730802.429,3-Month,9.9215
401st,2014-01-22,730802.429,6-Month,9.9764
401st,2014-01-22,730802.429,12-Month,9.9873
402nd,2014-02-04,32408.692,3-Month,9.9741
402nd,2014-02-04,32408.692,6-Month,9.9791
402nd,2014-02-04,32408.692,12-Month,9.9868
403rd,2014-02-19,332680.984,3-Month,9.9541
403rd,2014-02-19,332680.984,6-Month,9.9775
404th,2014-03-05,284578.721,3-Month,9.9563
404th,2014-03-05,284578.721,6-Month,9.979
404th,2014-03-05,284578.721,12-Month,9.99
405th,2014-03-19,243271.453,3-Month,9.955
405th,2014-03-19,243271.453,6-Month,9.9787
405th,2014-03-19,243271.453,12-Month,9.9833
406th,2014-04-02,35176.183,3-Month,9.9564
406th,2014-04-02,35176.183,6-Month,9.9791
406th,2014-04-02,35176.183,12-Month,9.99
407th,2014-04-16,281988.213,3-Month,9.9564
407th,2014-04-16,281988.213,6-Month,9.9791
407th,2014-04-16,281988.213,12-Month,9.9898
408th,2014-04-30,331426.335,3-Month,9.9383
408th,2014-04-30,331426.335,6-Month,9.9675
408th,2014-04-30,331426.335,12-Month,9.9865
409th,2014-05-14,360476.259,3-Month,9.9559
409th,2014-05-14,360476.259,6-Month,9.9716
409th,2014-05-14,360476.259,12-Month,9.9881
410th,2014-05-28,83262.758,3-Month,9.9564
410th,2014-05-28,83262.758,6-Month,9.9791
411th,2014-06-11,92442.757,3-Month,9.9564
411th,2014-06-11,92442.757,6-Month,9.9763
411th,2014-06-11,92442.757,12-Month,9.99
412th,2014-06-25,42949.849,3-Month,9.9564
412th,2014-06-25,42949.849,6-Month,9.9685
412th,2014-06-25,42949.849,12-Month,9.99
413th,2014-07-09,141029.59,3-Month,9.9564
413th,2014-07-09,141029.59,6-Month,9.9791
413th,2014-07-09,141029.59,12-Month,9.99
414th,2014-07-23,123714.484,3-Month,9.9564
414th,2014-07-23,123714.484,6-Month,9.9791
414th,2014-07-23,123714.484,12-Month,9.99
415th,2014-08-06,92910.076,3-Month,9.9564
415th,2014-08-06,92910.076,6-Month,9.9685
415th,2014-08-06,92910.076,12-Month,9.99
416th,2014-08-20,77214.495,3-Month,9.9564
416th,2014-08-20,77214.495,6-Month,9.9791
416th,2014-08-20,77214.495,12-Month,9.99
417th,2014-09-03,196266.929,3-Month,9.9564
417th,2014-09-03,196266.929,6-Month,9.9791
417th,2014-09-03,196266.929,12-Month,9.9899
418th,2014-09-17,9411.497,3-Month,9.9564
419th,2014-10-01,41950.658,3-Month,9.9701
419th,2014-10-01,41950.658,6-Month,9.9791
420th,2014-10-15,121437.914,3-Month,9.9564
420th,2014-10-15,121437.914,6-Month,9.9791
421st,2014-10-29,195088.301,3-Month,9.9551
421st,2014-10-29,195088.301,6-Month,9.9541
421st,2014-10-29,195088.301,12-Month,9.9824
422nd,2014-11-12,302425.556,3-Month,9.9276
422nd,2014-11-12,302425.556,6-Month,9.9229
422nd,2014-11-12,302425.556,12-Month,9.9631
423rd,2014-11-26,190559.725,3-Month,9.4488
423rd,2014-11-26,190559.725,6-Month,9.4665
423rd,2014-11-26,190559.725,12-Month,9.4753
424th,2014-12-10,73795.611,3-Month,9.4568
424th,2014-12-10,73795.611,6-Month,9.494
424th,2014-12-10,73795.611,12-Month,9.4852
425th,2014-12-24,50152.228,3-Month,9.4789
425th,2014-12-24,50152.228,6-Month,9.4734
425th,2014-12-24,50152.228,12-Month,9.4178
426th,2015-01-07,222022.15,3-Month,9.0715
426th,2015-01-07,222022.15,6-Month,9.1311
426th,2015-01-07,222022.15,12-Month,9.099
427th,2015-01-21,175586.389,3-Month,8.9217
427th,2015-01-21,175586.389,6-Month,8.9582
427th,2015-01-21,175586.389,12-Month,8.6362
428th,2015-02-04,192528.697,3-Month,8.3421
428th,2015-02-04,192528.697,6-Month,8.3862
428th,2015-02-04,192528.697,12-Month,8.3386
429th,2015-02-18,109237.517,3-Month,8.3232
429th,2015-02-18,109237.517,6-Month,8.3377
429th,2015-02-18,109237.517,12-Month,8.2808
430th,2015-03-04,94758.488,3-Month,8.1774
430th,2015-03-04,94758.488,6-Month,8.1209
430th,2015-03-04,94758.488,12-Month,7.98
431st,2015-03-18,249835.795,3-Month,8.1578
431st,2015-03-18,249835.795,6-Month,7.8919
431st,2015-03-18,249835.795,12-Month,7.7684
432nd,2015-04-01,83088.273,3-Month,7.9648
432nd,2015-04-01,83088.273,6-Month,7.9254
432nd,2015-04-01,83088.273,12-Month,7.8382
433rd,2015-04-15,163371.545,3-Month,7.9178
433rd,2015-04-15,163371.545,6-Month,7.8409
433rd,2015-04-15,163371.545,12-Month,7.7534
434th,2015-04-29,251400.211,3-Month,7.3798
434th,2015-04-29,251400.211,6-Month,7.2639
434th,2015-04-29,251400.211,12-Month,7.1686
435th,2015-05-13,109270.849,3-Month,6.8594
435th,2015-05-13,109270.849,6-Month,6.7199
435th,2015-05-13,109270.849,12-Month,6.7749
436th,2015-05-27,102196.194,3-Month,6.6055
436th,2015-05-27,102196.194,6-Month,6.635
436th,2015-05-27,102196.194,12-Month,6.7168
437th,2015-06-10,74174.603,3-Month,6.7436
437th,2015-06-10,74174.603,6-Month,6.7496
437th,2015-06-10,74174.603,12-Month,6.7826
438th,2015-06-24,93356.076,3-Month,6.8637
438th,2015-06-24,93356.076,6-Month,6.9355
438th,2015-06-24,93356.076,12-Month,6.971
439th,2015-07-08,111660.639,3-Month,6.9293
439th,2015-07-08,111660.639,6-Month,6.9502
439th,2015-07-08,111660.639,12-Month,6.971
440th,2015-07-22,219900.886,3-Month,6.919
440th,2015-07-22,219900.886,6-Month,6.9452
440th,2015-07-22,219900.886,12-Month,6.9368
441st,2015-08-05,354999.594,3-Month,6.9198
441st,2015-08-05,354999.594,6-Month,6.9225
441st,2015-08-05,354999.594,12-Month,6.9258
442nd,2015-08-19,236486.905,3-Month,6.9308
442nd,2015-08-19,236486.905,6-Month,6.9478
442nd,2015-08-19,236486.905,12-Month,6.9536
443rd,2015-09-02,196421.301,3-Month,6.9301
443rd,2015-09-02,196421.301,6-Month,6.9511
443rd,2015-09-02,196421.301,12-Month,6.9701
444th,2015-09-16,147537.751,3-Month,6.4624
444th,2015-09-16,147537.751,6-Month,6.4523
445th,2015-09-30,58861.994,3-Month,6.4663
445th,2015-09-30,58861.994,6-Month,6.48
446th,2015-10-14,177754.57,3-Month,6.438
446th,2015-10-14,177754.57,6-Month,6.4692
446th,2015-10-14,177754.57,12-Month,6.4715
447th,2015-10-28,223051.067,3-Month,6.3038
447th,2015-10-28,223051.067,6-Month,6.3035
447th,2015-10-28,223051.067,12-Month,6.3086
448th,2015-11-11,262844.615,3-Month,6.2591
448th,2015-11-11,262844.615,6-Month,6.2793
448th,2015-11-11,262844.615,12-Month,6.2864
449th,2015-11-25,138925.026,3-Month,6.3691
449th,2015-11-25,138925.026,6-Month,6.3837
450th,2015-12-09,92386.556,3-Month,6.3817
450th,2015-12-09,92386.556,6-Month,6.3946
451st,2015-12-23,30393.361,3-Month,6.3374
451st,2015-12-23,30393.361,6-Month,6.3637
451st,2015-12-23,30393.361,12-Month,6.3914
452nd,2016-01-06,246064.088,3-Month,6.3038
452nd,2016-01-06,246064.088,6-Month,6.2825
452nd,2016-01-06,246064.088,12-Month,6.2777
453rd,2016-01-20,316374.633,3-Month,6.1617
453rd,2016-01-20,316374.633,6-Month,6.1662
453rd,2016-01-20,316374.633,12-Month,6.1702
454th,2016-02-03,330490.656,3-Month,6.2514
454th,2016-02-03,330490.656,6-Month,6.2392
454th,2016-02-03,330490.656,12-Month,6.2199
455th,2016-02-17,196591.968,3-Month,6.2141
455th,2016-02-17,196591.968,6-Month,6.2239
455th,2016-02-17,196591.968,12-Month,6.2169
456th,2016-03-02,184986.521,3-Month,6.1697
456th,2016-03-02,184986.521,6-Month,6.1873
456th,2016-03-02,184986.521,12-Month,6.2046
457th,2016-03-16,223278.825,3-Month,6.1515
457th,2016-03-16,223278.825,6-Month,6.1981
457th,2016-03-16,223278.825,12-Month,6.2087
458th,2016-03-30,56397.282,3-Month,6.1697
458th,2016-03-30,56397.282,6-Month,6.1812
458th,2016-03-30,56397.282,12-Month,6.1957
459th,2016-04-13,66721.213,3-Month,6.1697
459th,2016-04-13,66721.213,6-Month,6.172
459th,2016-04-13,66721.213,12-Month,6.2079
461st,2016-05-11,245679.052,3-Month,6.2
461st,2016-05-11,245679.052,6-Month,6.2393
461st,2016-05-11,245679.052,12-Month,6.254
462nd,2016-05-25,278103.844,3-Month,5.9875
462nd,2016-05-25,278103.844,6-Month,5.9992
462nd,2016-05-25,278103.844,12-Month,6.0162
463rd,2016-06-08,139185.129,3-Month,5.9463
463rd,2016-06-08,139185.129,6-Month,5.9553
463rd,2016-06-08,139185.129,12-Month,6.0013
464th,2016-06-22,193110.955,3-Month,5.8998
464th,2016-06-22,193110.955,6-Month,5.891
464th,2016-06-22,193110.955,12-Month,5.9101
465th,2016-07-04,218245.065,3-Month,5.8689
465th,2016-07-04,218245.065,6-Month,5.8904
465th,2016-07-04,218245.065,12-Month,5.9086
466th,2016-07-20,424360.814,3-Month,5.7873
466th,2016-07-20,424360.814,6-Month,5.8214
466th,2016-07-20,424360.814,12-Month,5.837
467th,2016-08-03,378348.707,3-Month,5.8466
467th,2016-08-03,378348.707,6-Month,5.8888
467th,2016-08-03,378348.707,12-Month,5.8974
468th,2016-08-17,386601.458,3-Month,5.8568
468th,2016-08-17,386601.458,6-Month,5.899
468th,2016-08-17,386601.458,12-Month,5.9128
469th,2016-08-31,179097.296,3-Month,5.8571
469th,2016-08-31,179097.296,6-Month,5.9046
469th,2016-08-31,179097.296,12-Month,5.9148
470th,2016-09-09,85898.684,3-Month,5.8571
470th,2016-09-09,85898.684,6-Month,5.9046
470th,2016-09-09,85898.684,12-Month,5.9131
471st,2016-09-28,34308.28,3-Month,5.8571
471st,2016-09-28,34308.28,6-Month,5.9046
471st,2016-09-28,34308.28,12-Month,5.9148
472nd,2016-10-10,72547.472,3-Month,5.8571
472nd,2016-10-10,72547.472,6-Month,5.9046
472nd,2016-10-10,72547.472,12-Month,5.9148
473rd,2016-10-26,97514.684,3-Month,5.8777
473rd,2016-10-26,97514.684,6-Month,5.9046
473rd,2016-10-26,97514.684,12-Month,5.9148
474th,2016-11-09,306282.089,3-Month,5.9189
474th,2016-11-09,306282.089,6-Month,5.9243
475th,2016-11-23,296659.919,3-Month,5.9463
475th,2016-11-23,296659.919,6-Month,5.944
475th,2016-11-23,296659.919,12-Month,5.9485
476th,2016-12-07,154838.466,3-Month,5.9463
476th,2016-12-07,154838.466,6-Month,5.9471
477th,2016-12-21,152202.236,3-Month,5.9649
477th,2016-12-21,152202.236,6-Month,5.9792
478th,2017-01-04,256025.101,3-Month,5.9643
478th,2017-01-04,256025.101,6-Month,5.9758
478th,2017-01-04,256025.101,12-Month,5.9935
479th,2017-01-18,538376.795,3-Month,5.8821
479th,2017-01-18,538376.795,6-Month,5.9033
479th,2017-01-18,538376.795,12-Month,5.9313
480th,2017-02-01,606392.134,3-Month,5.9211
480th,2017-02-01,606392.134,6-Month,5.9714
480th,2017-02-01,606392.134,12-Month,5.9489
481st,2017-02-15,640235.803,3-Month,5.9417
481st,2017-02-15,640235.803,6-Month,5.9893
481st,2017-02-15,640235.803,12-Month,5.9927
482nd,2017-03-01,397079.455,3-Month,5.9463
482nd,2017-03-01,397079.455,6-Month,5.9896
482nd,2017-03-01,397079.455,12-Month,5.9935
483rd,2017-03-15,286640.276,3-Month,5.9463
483rd,2017-03-15,286640.276,6-Month,5.9896
484th,2017-03-29,162456.362,3-Month,5.9718
484th,2017-03-29,162456.362,6-Month,5.9934
485th,2017-04-12,267163.991,3-Month,5.9753
486th,2017-04-26,376024.806,3-Month,5.9851
486th,2017-04-26,376024.806,6-Month,6.0082
486th,2017-04-26,376024.806,12-Month,5.9992
487th,2017-05-10,371684.475,3-Month,5.991
487th,2017-05-10,371684.475,6-Month,6.0109
487th,2017-05-10,371684.475,12-Month,6.0273
488th,2017-05-24,341492.967,3-Month,5.991
488th,2017-05-24,341492.967,6-Month,6.0109
488th,2017-05-24,341492.967,12-Month,6.0499
489th,2017-06-07,160796.058,3-Month,5.99042
489th,2017-06-07,160796.058,6-Month,6.01091
489th,2017-06-07,160796.058,12-Month,6.04987
490th,2017-06-21,354774.7462,3-Month,5.991
490th,2017-06-21,354774.7462,6-Month,6.01091
490th,2017-06-21,354774.7462,12-Month,6.0386
491st,2017-07-05,544940.3106,3-Month,5.991
491st,2017-07-05,544940.3106,6-Month,6.01091
491st,2017-07-05,544940.3106,12-Month,6.0386
492nd,2017-07-19,1071255.377,3-Month,5.99091
492nd,2017-07-19,1071255.377,6-Month,6.01091
492nd,2017-07-19,1071255.377,12-Month,6.03809
493rd,2017-08-02,733603.4905,3-Month,5.99022
493rd,2017-08-02,733603.4905,6-Month,6.00931
493rd,2017-08-02,733603.4905,12-Month,6.0386
494th,2017-08-16,615802.4094,3-Month,5.991
494th,2017-08-16,615802.4094,6-Month,6.01091
495th,2017-08-31,520572.1011,3-Month,5.991
495th,2017-08-31,520572.1011,6-Month,6.01091
495th,2017-08-31,520572.1011,12-Month,6.0386
496th,2017-09-13,371820.4868,3-Month,5.991
496th,2017-09-13,371820.4868,6-Month,6.01091
496th,2017-09-13,371820.4868,12-Month,6.0386
497th,2017-09-27,472433.2617,3-Month,5.991
497th,2017-09-27,472433.2617,6-Month,6.01091
497th,2017-09-27,472433.2617,12-Month,6.02733
498th,2017-10-11,801957.5967,3-Month,5.991
498th,2017-10-11,801957.5967,6-Month,6.01091
499th,2017-10-25,730356.837,3-Month,5.991
499th,2017-10-25,730356.837,6-Month,6.01091
500th,2017-11-08,699642.9572,3-Month,5.991
500th,2017-11-08,699642.9572,6-Month,6.01091
501st,2017-11-22,614671.6175,3-Month,5.9909
501st,2017-11-22,614671.6175,6-Month,6.01091
502nd,2017-12-06,601480.59,3-Month,5.991
502nd,2017-12-06,601480.59,6-Month,6.01091
503rd,2017-12-20,99411.38946,3-Month,5.991
504th,2018-01-03,489034.7484,3-Month,5.991
505th,2018-01-17,1070176.604,3-Month,5.991
506th,2018-01-31,1153581.225,3-Month,6.2018
507th,2018-02-14,1085835.218,3-Month,6.21435
508th,2018-02-28,288330.58,3-Month,6.23221
509th,2018-03-14,53340.7933,3-Month,6.25893
510th,2018-03-28,19866.08312,3-Month,6.2591
511th,2018-04-11,1896815.856,3-Month,6.21811
511th,2018-04-11,1896815.856,6-Month,6.35187
512th,2018-04-25,1476996.033,3-Month,6.2369
512th,2018-04-25,1476996.033,6-Month,6.3496
513th,2018-05-09,494319.8426,3-Month,6.25562
513th,2018-05-09,494319.8426,6-Month,6.35187
514th,2018-05-23,11986.183,3-Month,6.2585
515th,2018-06-06,1313805.024,3-Month,6.72066
515th,2018-06-06,1313805.024,6-Month,6.83218
516th,2018-06-20,56469.11029,3-Month,6.75953
517th,2018-07-04,351731.4685,3-Month,6.7575
518th,2018-07-18,3181189.885,3-Month,7.72129
518th,2018-07-18,3181189.885,6-Month,7.85259
519th,2018-08-01,933801.8737,3-Month,7.746
520th,2018-08-15,48348.024,3-Month,7.73132
521st,2018-08-29,49624.11311,3-Month,7.75
522nd,2018-09-12,31619.62765,3-Month,7.75
523rd,2018-09-26,9557.826082,3-Month,7.75
524th,2018-10-10,2669897.577,3-Month,8.74039
524th,2018-10-10,2669897.577,6-Month,8.82405
525th,2018-10-24,587988.038,3-Month,8.7919
526th,2018-11-07,11330.97799,3-Month,8.798
527th,2018-11-20,7447.401356,3-Month,8.7981
528th,2018-12-05,2016518.141,3-Month,10.267
528th,2018-12-05,2016518.141,6-Month,10.3499
529th,2018-12-19,23974.69492,3-Month,10.2966
530th,2019-01-02,577246.8256,3-Month,10.3004
531st,2019-01-16,273520.1914,3-Month,10.3012
532nd,2019-01-30,111356.784,3-Month,10.301
533rd,2019-02-13,2127279.655,3-Month,10.5278
533rd,2019-02-13,2127279.655,6-Month,10.5953
534th,2019-02-27,488795.191,3-Month,10.5498
535th,2019-03-13,14002.026,3-Month,10.5492
536th,2019-03-27,11517.933,3-Month,10.5428
537th,2019-04-10,444602.761,3-Month,10.9972
537th,2019-04-10,444602.761,6-Month,11.0899
538th,2019-04-24,622809.959,3-Month,10.9503
539th,2019-05-08,588389.628,3-Month,11.0011
540th,2019-05-22,3139518.97,3-Month,12.5747
540th,2019-05-22,3139518.97,6-Month,12.6958
541st,2019-06-03,108283.647,3-Month,12.7453
541st,2019-06-03,108283.647,12-Month,13.15
542nd,2019-06-19,26627.278,3-Month,12.7381
543rd,2019-07-03,110868.7277,3-Month,12.7422
544th,2019-07-17,2235099.529,3-Month,13.6628
544th,2019-07-17,2235099.529,6-Month,13.8479
544th,2019-07-17,2235099.529,12-Month,14.0167
545th,2019-07-31,875139.7453,3-Month,13.7457
545th,2019-07-31,875139.7453,6-Month,13.9498
545th,2019-07-31,875139.7453,12-Month,14.1557
546th,2019-08-07,1228910.065,3-Month,13.7483
546th,2019-08-07,1228910.065,6-Month,13.9389
546th,2019-08-07,1228910.065,12-Month,14.2169
547th,2019-08-28,700511.299,3-Month,13.749
547th,2019-08-28,700511.299,6-Month,13.9399
547th,2019-08-28,700511.299,12-Month,14.188
548th,2019-09-11,461373.34,3-Month,13.7361
548th,2019-09-11,461373.34,6-Month,13.9064
548th,2019-09-11,461373.34,12-Month,13.8312
549th,2019-09-25,512338.726,3-Month,13.7179
549th,2019-09-25,512338.726,6-Month,13.829
549th,2019-09-25,512338.726,12-Month,13.7651
550th,2019-10-09,810672.8042,3-Month,13.6391
550th,2019-10-09,810672.8042,6-Month,13.5549
550th,2019-10-09,810672.8042,12-Month,13.4272
551st,2019-10-23,621977.419,3-Month,13.2504
551st,2019-10-23,621977.419,6-Month,13.2468
551st,2019-10-23,621977.419,12-Month,12.7405
552nd,2019-11-06,844161.528,3-Month,13.1703
552nd,2019-11-06,844161.528,6-Month,13.2097
552nd,2019-11-06,844161.528,12-Month,12.7127
553rd,2019-11-20,243809.363,3-Month,13.4608
553rd,2019-11-20,243809.363,6-Month,13.2766
553rd,2019-11-20,243809.363,12-Month,13.0365
554th,2019-12-04,370327.797,3-Month,13.5121
554th,2019-12-04,370327.797,6-Month,13.2888
554th,2019-12-04,370327.797,12-Month,13.0645
555th,2019-12-18,449271.433,3-Month,13.4549
555th,2019-12-18,449271.433,6-Month,13.2678
555th,2019-12-18,449271.433,12-Month,13.022
556th,2019-12-31,469254.605,3-Month,13.4462
556th,2019-12-31,469254.605,6-Month,13.2875
556th,2019-12-31,469254.605,12-Month,13.1068
557th,2020-01-15,308955.362,3-Month,13.4438
557th,2020-01-15,308955.362,6-Month,13.2051
557th,2020-01-15,308955.362,12-Month,13.0795
558th,2020-01-29,604511.8961,3-Month,13.3885
558th,2020-01-29,604511.8961,6-Month,13.2351
558th,2020-01-29,604511.8961,12-Month,13.1158
559th,2020-02-12,272722.96,3-Month,13.4022
559th,2020-02-12,272722.96,6-Month,13.2999
559th,2020-02-12,272722.96,12-Month,13.395
560th,2020-02-26,414121.933,3-Month,13.3811
560th,2020-02-26,414121.933,6-Month,13.3401
560th,2020-02-26,414121.933,12-Month,13.2898
561st,2020-03-11,354315.351,3-Month,12.6887
561st,2020-03-11,354315.351,6-Month,12.4788
561st,2020-03-11,354315.351,12-Month,11.9786
562nd,2020-03-25,554246.536,3-Month,11.2174
562nd,2020-03-25,554246.536,6-Month,11.1895
562nd,2020-03-25,554246.536,12-Month,10.6706
563rd,2020-04-08,518068.938,3-Month,10.8049
563rd,2020-04-08,518068.938,6-Month,10.257
563rd,2020-04-08,518068.938,12-Month,9.56744
564th,2020-04-22,484147.611,3-Month,8.21401
564th,2020-04-22,484147.611,6-Month,7.88292
564th,2020-04-22,484147.611,12-Month,7.32164
565th,2020-05-06,402126.339,3-Month,8.09312
565th,2020-05-06,402126.339,6-Month,7.84472
565th,2020-05-06,402126.339,12-Month,7.42916
566th,2020-05-20,215237.137,3-Month,8.12073
566th,2020-05-20,215237.137,6-Month,7.74651
566th,2020-05-20,215237.137,12-Month,7.67953
567th,2020-06-03,163787.628,3-Month,8.03773
567th,2020-06-03,163787.628,6-Month,7.81696
567th,2020-06-03,163787.628,12-Month,7.68977
568th,2020-06-17,74665.875,3-Month,7.68967
568th,2020-06-17,74665.875,6-Month,7.47857
568th,2020-06-17,74665.875,12-Month,7.28923
569th,2020-06-30,52170.348,3-Month,6.84878
569th,2020-06-30,52170.348,6-Month,6.65992
569th,2020-06-30,52170.348,12-Month,6.85005
570th,2020-07-15,259456.8657,3-Month,6.42666
570th,2020-07-15,259456.8657,6-Month,6.46664
570th,2020-07-15,259456.8657,12-Month,6.54745
571st,2020-07-29,173150.596,3-Month,6.87337
571st,2020-07-29,173150.596,6-Month,7.0134
571st,2020-07-29,173150.596,12-Month,7.10541
572nd,2020-08-12,110956.305,3-Month,6.98332
572nd,2020-08-12,110956.305,6-Month,7.1449
572nd,2020-08-12,110956.305,12-Month,7.14997
573rd,2020-08-26,531818.41,3-Month,7.09156
573rd,2020-08-26,531818.41,6-Month,7.15511
573rd,2020-08-26,531818.41,12-Month,7.2562
574th,2020-09-09,353806.477,3-Month,7.11614
574th,2020-09-09,353806.477,6-Month,7.1724
574th,2020-09-09,353806.477,12-Month,7.29436
575th,2020-09-23,499761.077,3-Month,7.09834
575th,2020-09-23,499761.077,6-Month,7.16863
575th,2020-09-23,499761.077,12-Month,7.29767
576th,2020-10-07,670609.044,3-Month,7.11779
576th,2020-10-07,670609.044,6-Month,7.18539
576th,2020-10-07,670609.044,12-Month,7.27526
577th,2020-10-21,387153.169,3-Month,7.15799
577th,2020-10-21,387153.169,6-Month,7.19997
578th,2020-11-04,328524.4491,3-Month,7.14766
578th,2020-11-04,328524.4491,6-Month,7.19967
578th,2020-11-04,328524.4491,12-Month,7.28998
579th,2020-11-18,357651.976,3-Month,7.1402
579th,2020-11-18,357651.976,6-Month,7.19594
579th,2020-11-18,357651.976,12-Month,7.24984
580th,2020-12-02,396586.64,3-Month,7.13376
580th,2020-12-02,396586.64,6-Month,7.18491
580th,2020-12-02,396586.64,12-Month,7.29887
581st,2020-12-16,409405.143,3-Month,7.11384
581st,2020-12-16,409405.143,6-Month,7.16926
581st,2020-12-16,409405.143,12-Month,7.24004
582nd,2020-12-30,638069.078,3-Month,7.10896
582nd,2020-12-30,638069.078,6-Month,7.19112
582nd,2020-12-30,638069.078,12-Month,7.28769
583rd,2021-01-13,571063.97,3-Month,7.13858
583rd,2021-01-13,571063.97,6-Month,7.1902
584th,2021-01-27,487218.775,3-Month,7.15167
584th,2021-01-27,487218.775,6-Month,7.4001
584th,2021-01-27,487218.775,12-Month,7.71577
585th,2021-02-10,669315.224,3-Month,7.16227
585th,2021-02-10,669315.224,6-Month,7.46503
585th,2021-02-10,669315.224,12-Month,7.7908
586th,2021-02-24,768204.5936,3-Month,7.19055
586th,2021-02-24,768204.5936,6-Month,7.49143
587th,2021-03-10,700314.7597,3-Month,7.31522
587th,2021-03-10,700314.7597,6-Month,7.66782
587th,2021-03-10,700314.7597,12-Month,7.78995
588th,2021-03-24,1515650.025,3-Month,7.42982
588th,2021-03-24,1515650.025,6-Month,7.73269
589th,2021-04-07,841913.068,3-Month,7.4418
589th,2021-04-07,841913.068,6-Month,7.74632
590th,2021-04-21,688917.839,3-Month,7.37627
590th,2021-04-21,688917.839,6-Month,7.64625
591st,2021-05-05,599721.9515,3-Month,7.3309
591st,2021-05-05,599721.9515,6-Month,7.52898
591st,2021-05-05,599721.9515,12-Month,7.69
592nd,2021-05-19,557734.31,3-Month,7.342
592nd,2021-05-19,557734.31,6-Month,7.56862
592nd,2021-05-19,557734.31,12-Month,7.66293
593rd,2021-06-02,807088.8365,3-Month,7.34202
593rd,2021-06-02,807088.8365,6-Month,7.5787
593rd,2021-06-02,807088.8365,12-Month,7.67001
594th,2021-06-16,1106433.666,3-Month,7.3124
594th,2021-06-16,1106433.666,6-Month,7.5719
594th,2021-06-16,1106433.666,12-Month,7.67
595th,2021-06-30,798327.3379,3-Month,7.29532
595th,2021-06-30,798327.3379,6-Month,7.56052
596th,2021-07-14,671694.3222,3-Month,7.23715
596th,2021-07-14,671694.3222,6-Month,7.52056
597th,2021-07-28,682228.4377,3-Month,7.2325
597th,2021-07-28,682228.4377,6-Month,7.49675
598th,2021-08-11,388947.3348,3-Month,7.22949
598th,2021-08-11,388947.3348,6-Month,7.47655
599th,2021-08-25,614636.1895,3-Month,7.2293
599th,2021-08-25,614636.1895,6-Month,7.42929
600th,2021-09-08,355253.021,3-Month,7.2103
600th,2021-09-08,355253.021,6-Month,7.4305
600th,2021-09-08,355253.021,12-Month,7.6
601st,2021-09-22,791193.32,3-Month,7.57107
601st,2021-09-22,791193.32,6-Month,7.94876
602nd,2021-10-06,677404.174,3-Month,7.7042
602nd,2021-10-06,677404.174,6-Month,8.0634
603rd,2021-10-20,169860.1644,3-Month,8.17485
604th,2021-11-03,279245.78,3-Month,8.3795
604th,2021-11-03,279245.78,6-Month,8.501
605th,2021-11-17,54733.598,3-Month,8.5003
606th,2021-12-01,506884.0078,3-Month,10.3912
606th,2021-12-01,506884.0078,6-Month,11.0587
606th,2021-12-01,506884.0078,12-Month,11.3511
607th,2021-12-15,1325353.581,3-Month,10.6589
607th,2021-12-15,1325353.581,6-Month,11.3789
607th,2021-12-15,1325353.581,12-Month,11.4356
608th,2021-12-30,1213561.997,3-Month,10.3873
608th,2021-12-30,1213561.997,6-Month,11.3228
608th,2021-12-30,1213561.997,12-Month,11.4796
609th,2022-01-12,707640.307,3-Month,10.373
609th,2022-01-12,707640.307,6-Month,11.3413
609th,2022-01-12,707640.307,12-Month,11.48
610th,2022-01-26,792513.062,3-Month,10.203
610th,2022-01-26,792513.062,6-Month,10.6527
610th,2022-01-26,792513.062,12-Month,10.9068
611th,2022-02-09,567525.956,3-Month,10.264
611th,2022-02-09,567525.956,6-Month,10.6308
611th,2022-02-09,567525.956,12-Month,10.8526
612th,2022-02-23,353538.782,3-Month,10.3836
612th,2022-02-23,353538.782,6-Month,10.8417
612th,2022-02-23,353538.782,12-Month,10.914
613th,2022-03-09,907722.054,3-Month,10.9948
613th,2022-03-09,907722.054,6-Month,11.8185
613th,2022-03-09,907722.054,12-Month,11.9668
614th,2022-03-22,653120.5219,3-Month,11.7506
614th,2022-03-22,653120.5219,6-Month,12.245
614th,2022-03-22,653120.5219,12-Month,12.4626
615th,2022-04-06,644421.467,3-Month,12.3967
615th,2022-04-06,644421.467,6-Month,13.0459
615th,2022-04-06,644421.467,12-Month,13.156
616th,2022-04-20,579108.1442,3-Month,13.1909
616th,2022-04-20,579108.1442,6-Month,13.5279
616th,2022-04-20,579108.1442,12-Month,13.6449
617th,2022-04-27,629034.6528,3-Month,14.1936
617th,2022-04-27,629034.6528,6-Month,14.7113
617th,2022-04-27,629034.6528,12-Month,14.473
618th,2022-05-18,332082.506,3-Month,14.4225
618th,2022-05-18,332082.506,6-Month,14.7
618th,2022-05-18,332082.506,12-Month,14.7499
619th,2022-06-01,750810.331,3-Month,14.6647
619th,2022-06-01,750810.331,6-Month,14.9544
619th,2022-06-01,750810.331,12-Month,15.1503
620th,2022-06-15,800070.141,3-Month,15.1193
620th,2022-06-15,800070.141,6-Month,14.9501
620th,2022-06-15,800070.141,12-Month,14.9499
621st,2022-06-29,1682545.521,3-Month,15.0835
621st,2022-06-29,1682545.521,6-Month,14.8001
621st,2022-06-29,1682545.521,12-Month,14.9499
622nd,2022-07-13,479181.7235,3-Month,15.5734
622nd,2022-07-13,479181.7235,6-Month,15.6921
622nd,2022-07-13,479181.7235,12-Month,15.8345
623rd,2022-07-27,966002.601,3-Month,15.6338
623rd,2022-07-27,966002.601,6-Month,15.6806
623rd,2022-07-27,966002.601,12-Month,15.8837
624th,2022-08-10,442401.744,3-Month,15.6957
624th,2022-08-10,442401.744,6-Month,15.793
624th,2022-08-10,442401.744,12-Month,15.8869
625th,2022-08-24,779122.204,3-Month,15.7331
625th,2022-08-24,779122.204,6-Month,15.8137
625th,2022-08-24,779122.204,12-Month,15.8994
626th,2022-09-07,782825.776,3-Month,15.8474
626th,2022-09-07,782825.776,6-Month,15.8406
626th,2022-09-07,782825.776,12-Month,15.938
627th,2022-09-21,1342057.78,3-Month,15.9749
627th,2022-09-21,1342057.78,6-Month,15.9461
627th,2022-09-21,1342057.78,12-Month,15.9884
628th,2022-10-05,819118.997,3-Month,15.5998
628th,2022-10-05,819118.997,6-Month,15.6811
628th,2022-10-05,819118.997,12-Month,15.6874
629th,2022-10-19,802559.351,3-Month,15.6712
629th,2022-10-19,802559.351,6-Month,15.6903
629th,2022-10-19,802559.351,12-Month,15.6655
630th,2022-11-02,485252.221,3-Month,15.6991
630th,2022-11-02,485252.221,6-Month,15.7298
630th,2022-11-02,485252.221,12-Month,15.7267
631st,2022-11-16,729963.849,3-Month,15.6947
631st,2022-11-16,729963.849,6-Month,15.7289
631st,2022-11-16,729963.849,12-Month,15.699
632nd,2022-11-30,205826.248,3-Month,16.8803
632nd,2022-11-30,205826.248,6-Month,16.5229
632nd,2022-11-30,205826.248,12-Month,16.7726
633rd,2022-12-14,1599154.773,3-Month,16.9733
633rd,2022-12-14,1599154.773,6-Month,16.8508
633rd,2022-12-14,1599154.773,12-Month,16.7952
634th,2022-12-28,343445.8,3-Month,16.9623
634th,2022-12-28,343445.8,6-Month,16.8127
634th,2022-12-28,343445.8,12-Month,16.8135
635th,2023-01-03,630443.001,3-Month,16.9866
636th,2023-01-11,303784.557,3-Month,16.9909
636th,2023-01-11,303784.557,6-Month,16.817
637th,2023-01-25,818094.19,3-Month,17.8194
638th,2023-02-08,445214.98,3-Month,17.9379
638th,2023-02-08,445214.98,6-Month,17.84
638th,2023-02-08,445214.98,12-Month,17.9499
639th,2023-02-22,244839.34,3-Month,19.2652
639th,2023-02-22,244839.34,6-Month,19.5706
639th,2023-02-22,244839.34,12-Month,19.7697
640th,2023-03-08,1497141.871,3-Month,20.9719
640th,2023-03-08,1497141.871,6-Month,20.6686
640th,2023-03-08,1497141.871,12-Month,20.8647
641st,2023-03-22,1069621.311,3-Month,21.0643
641st,2023-03-22,1069621.311,6-Month,21.9566
641st,2023-03-22,1069621.311,12-Month,21.4865
642nd,2023-04-05,2136941.165,3-Month,21.9391
642nd,2023-04-05,2136941.165,6-Month,21.9268
642nd,2023-04-05,2136941.165,12-Month,21.8776
643rd,2023-04-19,560748.412,3-Month,21.984
643rd,2023-04-19,560748.412,6-Month,21.9445
643rd,2023-04-19,560748.412,12-Month,21.8694
644th,2023-05-03,665965.403,3-Month,21.9862
644th,2023-05-03,665965.403,6-Month,21.9616
644th,2023-05-03,665965.403,12-Month,21.9788
645th,2023-05-17,421348.624,3-Month,21.9923
645th,2023-05-17,421348.624,6-Month,21.9157
645th,2023-05-17,421348.624,12-Month,21.9973
646th,2023-05-31,2175079.448,3-Month,21.975
646th,2023-05-31,2175079.448,6-Month,21.9429
646th,2023-05-31,2175079.448,12-Month,21.9996
647th,2023-06-14,2099332.873,3-Month,21.9819
647th,2023-06-14,2099332.873,6-Month,21.9669
647th,2023-06-14,2099332.873,12-Month,21.9894
648th,2023-06-21,2304087.338,3-Month,21.9882
648th,2023-06-21,2304087.338,6-Month,21.9225
648th,2023-06-21,2304087.338,12-Month,21.9774
649th,2023-07-12,596566.077,3-Month,22.7473
649th,2023-07-12,596566.077,6-Month,22.9245
649th,2023-07-12,596566.077,12-Month,22.87
650th,2023-07-24,583633.054,3-Month,22.8974
650th,2023-07-24,583633.054,6-Month,22.8701
650th,2023-07-24,583633.054,12-Month,22.9647
651st,2023-08-09,1185331.16,3-Month,22.8403
651st,2023-08-09,1185331.16,6-Month,22.725
651st,2023-08-09,1185331.16,12-Month,22.9405
652nd,2023-08-23,1968662.362,3-Month,22.8734
652nd,2023-08-23,1968662.362,12-Month,22.9396
653rd,2023-09-06,1255998.794,3-Month,23.3938
653rd,2023-09-06,1255998.794,6-Month,24.7868
653rd,2023-09-06,1255998.794,12-Month,25.0569
654th,2023-09-20,2250094.714,3-Month,22.7564
654th,2023-09-20,2250094.714,6-Month,22.8
654th,2023-09-20,2250094.714,12-Month,22.8521
655th,2023-10-04,519910.964,3-Month,22.3956
655th,2023-10-04,519910.964,6-Month,22.85
655th,2023-10-04,519910.964,12-Month,22.7531
656th,2023-10-18,914002.414,3-Month,22.1403
656th,2023-10-18,914002.414,6-Month,22.3876
656th,2023-10-18,914002.414,12-Month,22.0707
657th,2023-11-01,982899.868,3-Month,21.8428
657th,2023-11-01,982899.868,6-Month,21.8417
657th,2023-11-01,982899.868,12-Month,21.9104
658th,2023-11-15,1025087.818,3-Month,21.2878
658th,2023-11-15,1025087.818,6-Month,21.4583
658th,2023-11-15,1025087.818,12-Month,21.4334
659th,2023-11-29,1015313.019,3-Month,21.3395
659th,2023-11-29,1015313.019,6-Month,21.3263
659th,2023-11-29,1015313.019,12-Month,21.2569
660th,2023-12-13,1802080.288,3-Month,21.359
660th,2023-12-13,1802080.288,6-Month,21.3554
660th,2023-12-13,1802080.288,12-Month,21.411
661st,2023-12-27,1678913.323,3-Month,21.3208
661st,2023-12-27,1678913.323,6-Month,21.3634
661st,2023-12-27,1678913.323,12-Month,21.3371
662nd,2024-01-10,238738.926,3-Month,20.9672
662nd,2024-01-10,238738.926,6-Month,20.9601
662nd,2024-01-10,238738.926,12-Month,20.7925
663rd,2024-01-24,161643.3969,3-Month,20.4745
663rd,2024-01-24,161643.3969,6-Month,20.3951
663rd,2024-01-24,161643.3969,12-Month,20.1411
664th,2024-02-06,58157.166,3-Month,20.4399
664th,2024-02-06,58157.166,6-Month,20.3951
664th,2024-02-06,58157.166,12-Month,19.995
665th,2024-02-21,341161.415,3-Month,21.313
665th,2024-02-21,341161.415,6-Month,20.391
665th,2024-02-21,341161.415,12-Month,20.0868
666th,2024-03-06,464406.854,3-Month,21.2579
666th,2024-03-06,464406.854,6-Month,20.3949
666th,2024-03-06,464406.854,12-Month,20.2593
667th,2024-03-20,656956.252,3-Month,21.426
667th,2024-03-20,656956.252,6-Month,20.3903
667th,2024-03-20,656956.252,12-Month,20.7191
668th,2024-04-03,496318.777,3-Month,21.6008
668th,2024-04-03,496318.777,6-Month,21.3035
668th,2024-04-03,496318.777,12-Month,20.8392
669th,2024-04-17,456714.167,3-Month,21.6363
669th,2024-04-17,456714.167,6-Month,21.3168
669th,2024-04-17,456714.167,12-Month,20.8479
670th,2024-04-30,220105.8868,3-Month,21.5893
670th,2024-04-30,220105.8868,6-Month,21.3529
670th,2024-04-30,220105.8868,12-Month,20.8358
671st,2024-05-15,578498.7229,3-Month,21.5719
671st,2024-05-15,578498.7229,6-Month,21.2845
671st,2024-05-15,578498.7229,12-Month,20.3612
672nd,2024-05-29,444572.5487,3-Month,20.9374
672nd,2024-05-29,444572.5487,6-Month,20.8605
672nd,2024-05-29,444572.5487,12-Month,19.9784
673rd,2024-06-12,1091170.321,3-Month,19.9863
673rd,2024-06-12,1091170.321,6-Month,19.9283
673rd,2024-06-12,1091170.321,12-Month,18.8489
674th,2024-06-26,696395.4494,3-Month,20.0145
674th,2024-06-26,696395.4494,6-Month,19.9427
674th,2024-06-26,696395.4494,12-Month,18.49
675th,2024-07-10,398918.1512,3-Month,19.8384
675th,2024-07-10,398918.1512,6-Month,19.6839
675th,2024-07-10,398918.1512,12-Month,18.4236
676th,2024-07-24,432637.79,3-Month,19.4852
676th,2024-07-24,432637.79,6-Month,19.1908
676th,2024-07-24,432637.79,12-Month,18.1273
677th,2024-08-07,315611.24,3-Month,18.8959
677th,2024-08-07,315611.24,6-Month,18.7321
677th,2024-08-07,315611.24,12-Month,17.5966
678th,2024-08-21,358730.579,3-Month,17.466
678th,2024-08-21,358730.579,6-Month,17.6959
678th,2024-08-21,358730.579,12-Month,16.8631
679th,2024-09-04,742583.7873,3-Month,17.4102
679th,2024-09-04,742583.7873,6-Month,17.6183
679th,2024-09-04,742583.7873,12-Month,16.8278
681st,2024-10-02,220174.65,6-Month,14.233
681st,2024-10-02,220174.65,12-Month,13.4976
682nd,2024-10-16,662075.017,3-Month,15.0639
682nd,2024-10-16,662075.017,6-Month,14.1545
682nd,2024-10-16,662075.017,12-Month,13.6409
683rd,2024-10-30,747993.722,3-Month,13.8676
683rd,2024-10-30,747993.722,6-Month,13.3413
683rd,2024-10-30,747993.722,12-Month,12.9344
684th,2024-11-13,722307.25,3-Month,13.4549
684th,2024-11-13,722307.25,6-Month,13.4215
684th,2024-11-13,722307.25,12-Month,13.0178
685th,2024-11-27,568245.505,3-Month,12.936
685th,2024-11-27,568245.505,6-Month,12.8192
685th,2024-11-27,568245.505,12-Month,12.1025
686th,2024-12-11,1159841.535,3-Month,11.8217
686th,2024-12-11,1159841.535,6-Month,11.9313
686th,2024-12-11,1159841.535,12-Month,11.9757
687th,2024-12-24,858743.575,3-Month,11.8517
687th,2024-12-24,858743.575,6-Month,11.8901
687th,2024-12-24,858743.575,12-Month,12.193
688th,2025-01-08,402512.228,3-Month,11.7064
688th,2025-01-08,402512.228,6-Month,11.7258
688th,2025-01-08,402512.228,12-Month,11.7226
689th,2025-01-22,297086.975,3-Month,11.5854
689th,2025-01-22,297086.975,6-Month,11.4048
689th,2025-01-22,297086.975,12-Month,11.3459
690th,2025-02-04,420726.9941,3-Month,11.6653
690th,2025-02-04,420726.9941,6-Month,11.4092
690th,2025-02-04,420726.9941,12-Month,11.3787
691st,2025-02-19,244499.564,3-Month,11.696
691st,2025-02-19,244499.564,6-Month,11.6424
691st,2025-02-19,244499.564,12-Month,11.5777
692nd,2025-03-05,545492.381,3-Month,11.7013
692nd,2025-03-05,545492.381,6-Month,11.657
692nd,2025-03-05,545492.381,12-Month,11.552
693rd,2025-03-19,374760,1-Month,12.0493
693rd,2025-03-19,374760,3-Month,11.7212
693rd,2025-03-19,374760,6-Month,11.6699
693rd,2025-03-19,374760,12-Month,11.8648
694th,2025-03-26,606974,1-Month,12.2483
694th,2025-03-26,606974,3-Month,11.8256
694th,2025-03-26,606974,6-Month,11.923
694th,2025-03-26,606974,12-Month,11.8969
695th,2025-04-16,904213.0753,1-Month,12.2857
695th,2025-04-16,904213.0753,3-Month,11.9625
695th,2025-04-16,904213.0753,6-Month,11.9473
695th,2025-04-16,904213.0753,12-Month,11.9288
696th,2025-04-30,525685.2457,1-Month,12.1416
696th,2025-04-30,525685.2457,3-Month,11.9803
696th,2025-04-30,525685.2457,6-Month,11.9689
696th,2025-04-30,525685.2457,12-Month,11.9694
697th,2025-05-14,638720.4995,1-Month,11.1831
697th,2025-05-14,638720.4995,3-Month,11.2097
697th,2025-05-14,638720.4995,6-Month,11.2464
697th,2025-05-14,638720.4995,12-Month,11.3169
698th,2025-05-27,719884.3389,1-Month,11.0998
698th,2025-05-27,719884.3389,3-Month,11.1344
698th,2025-05-27,719884.3389,6-Month,11.1128
698th,2025-05-27,719884.3389,12-Month,11.1611
699th,2025-06-11,815139.0226,1-Month,11.0648
699th,2025-06-11,815139.0226,3-Month,10.9484
699th,2025-06-11,815139.0226,6-Month,10.9521
699th,2025-06-11,815139.0226,12-Month,10.922
700th,2025-06-18,909409.79,1-Month,11.2952
701th,2025-06-25,322589.5438,1-Month,11.0003
701th,2025-06-25,322589.5438,3-Month,10.953
701th,2025-06-25,322589.5438,6-Month,10.8974
701th,2025-06-25,322589.5438,12-Month,10.8787
702nd,2025-07-09,1413388.81,1-Month,11.0804
702nd,2025-07-09,1413388.81,3-Month,10.8626
702nd,2025-07-09,1413388.81,6-Month,10.7463
702nd,2025-07-09,1413388.81,12-Month,10.6742
703rd,2025-07-23,408749.866,1-Month,10.8505
703rd,2025-07-23,408749.866,3-Month,10.675
703rd,2025-07-23,408749.866,6-Month,10.6834
703rd,2025-07-23,408749.866,12-Month,10.6704
704th,2025-08-06,369584.0337,1-Month,10.8705
704th,2025-08-06,369584.0337,3-Month,10.8005
704th,2025-08-06,369584.0337,6-Month,10.7763
704th,2025-08-06,369584.0337,12-Month,10.898
705th,2025-08-20,491643.747,1-Month,10.8715
705th,2025-08-20,491643.747,3-Month,10.8204
705th,2025-08-20,491643.747,6-Month,10.8296
705th,2025-08-20,491643.747,12-Month,10.9421
706th,2025-09-03,491108.541,1-Month,10.7267
706th,2025-09-03,491108.541,3-Month,10.8295
706th,2025-09-03,491108.541,6-Month,10.826
706th,2025-09-03,491108.541,12-Month,10.9835
707th,2025-09-17,194869.052,1-Month,10.7443
707th,2025-09-17,194869.052,3-Month,10.7865
707th,2025-09-17,194869.052,6-Month,10.7555
707th,2025-09-17,194869.052,12-Month,10.9873
708th,2025-10-01,696289.8534,1-Month,11.0915
708th,2025-10-01,696289.8534,3-Month,10.9633
708th,2025-10-01,696289.8534,6-Month,10.8196
708th,2025-10-01,696289.8534,12-Month,11.1264
709th,2025-10-15,742115.7516,1-Month,11.0891
709th,2025-10-15,742115.7516,3-Month,10.9971
709th,2025-10-15,742115.7516,6-Month,10.8715
709th,2025-10-15,742115.7516,12-Month,11.2049
710th,2025-10-29,1057403.323,1-Month,10.9851
710th,2025-10-29,1057403.323,3-Month,11.0156
710th,2025-10-29,1057403.323,6-Month,10.9352
710th,2025-10-29,1057403.323,12-Month,11.2858
711th,2025-11-12,478309.3375,1-Month,10.9735
711th,2025-11-12,478309.3375,3-Month,11.0202
711th,2025-11-12,478309.3375,6-Month,11.0232
711th,2025-11-12,478309.3375,12-Month,11.323
712th,2025-11-26,702059.8073,1-Month,10.8873
712th,2025-11-26,702059.8073,3-Month,10.997
712th,2025-11-26,702059.8073,6-Month,11
712th,2025-11-26,702059.8073,12-Month,11.268
713th,2025-12-10,916365.1119,1-Month,10.7857
713th,2025-12-10,916365.1119,3-Month,10.9174
713th,2025-12-10,916365.1119,6-Month,10.9191
713th,2025-12-10,916365.1119,12-Month,11.2378
714th,2025-12-24,871536.663,1-Month,10.3411
714th,2025-12-24,871536.663,3-Month,10.4333
714th,2025-12-24,871536.663,6-Month,10.4639
714th,2025-12-24,871536.663,12-Month,10.4468
715th,2026-01-07,904787.6866,1-Month,10.1958
715th,2026-01-07,904787.6866,3-Month,10.1501
715th,2026-01-07,904787.6866,6-Month,10.0867
715th,2026-01-07,904787.6866,12-Month,10.0871
716th,2026-01-21,690848.011,1-Month,9.8996
716th,2026-01-21,690848.011,3-Month,9.8776
716th,2026-01-21,690848.011,6-Month,9.928
716th,2026-01-21,690848.011,12-Month,9.9875
717th,2026-02-04,783608.5246,1-Month,10.1819
717th,2026-02-04,783608.5246,3-Month,10.0999
717th,2026-02-04,783608.5246,6-Month,10.1511
717th,2026-02-04,783608.5246,12-Month,10.3473
718th,2026-02-18,650671.3278,1-Month,10.1401
718th,2026-02-18,650671.3278,3-Month,10.2255
718th,2026-02-18,650671.3278,6-Month,10.4201
718th,2026-02-18,650671.3278,12-Month,10.5257
719th,2026-03-04,555017.0426,1-Month,10.3248
719th,2026-03-04,555017.0426,3-Month,10.415
719th,2026-03-04,555017.0426,6-Month,10.7189
719th,2026-03-04,555017.0426,12-Month,10.9144
720th,2026-03-16,1024480.346,1-Month,11.0054
720th,2026-03-16,1024480.346,3-Month,11.0232
720th,2026-03-16,1024480.346,6-Month,11.1885
720th,2026-03-16,1024480.346,12-Month,11.3147
721st,2026-04-01,753260.1961,1-Month,11.149
721st,2026-04-01,753260.1961,3-Month,11.743
721st,2026-04-01,753260.1961,6-Month,11.3685
721st,2026-04-01,753260.1961,12-Month,11.6434
722nd,2026-04-15,1437085.335,1-Month,10.6663
722nd,2026-04-15,1437085.335,3-Month,11.4295
722nd,2026-04-15,1437085.335,6-Month,11.1549
722nd,2026-04-15,1437085.335,12-Month,11.8202
723rd,2026-04-29,1339543.767,1-Month,11.404
723rd,2026-04-29,1339543.767,3-Month,11.7187
723rd,2026-04-29,1339543.767,6-Month,11.8564
723rd,2026-04-29,1339543.767,12-Month,12.0386
724th,2026-05-13,915575.9507,1-Month,11.3244
724th,2026-05-13,915575.9507,3-Month,12.008
724th,2026-05-13,915575.9507,6-Month,12.2797
724th,2026-05-13,915575.9507,12-Month,12.3945
725th,2026-05-20,688069.4125,1-Month,12.0568
725th,2026-05-20,688069.4125,3-Month,12.3141
725th,2026-05-20,688069.4125,6-Month,12.4003
725th,2026-05-20,688069.4125,12-Month,12.59
726th,2026-06-10,1901766.126,1-Month,12.0963
726th,2026-06-10,1901766.126,3-Month,12.3863
726th,2026-06-10,1901766.126,6-Month,12.4809
726th,2026-06-10,1901766.126,12-Month,12.9079
727th,2026-06-23,1157620.572,1-Month,11.7538
727th,2026-06-23,1157620.572,3-Month,11.7031
727th,2026-06-23,1157620.572,6-Month,11.7239
727th,2026-06-23,1157620.572,12-Month,11.7557
