date,ceiling_amount_million_pkr,ceiling_institutions,floor_amount_million_pkr,floor_institutions
2009-08-13,2340,1,0,0
2009-08-21,0,0,6550,9
2009-08-28,0,0,12100,8
2009-08-31,11200,8,0,0
2009-09-04,2800,1,0,0
2009-09-09,0,0,900,1
2009-09-10,0,0,7200,2
2009-09-11,0,0,7350,4
2009-09-16,700,1,0,0
2009-09-18,10800,1,0,0
2009-09-19,0,0,13500,1
2009-09-24,0,0,11500,2
2009-09-25,0,0,12500,3
2009-09-26,10800,11,0,0
2009-09-28,5600,4,0,0
2009-09-29,28850,16,0,0
2009-09-30,54250,13,0,0
2009-10-02,0,0,6800,7
2009-10-09,0,0,2500,1
2009-10-13,1000,1,0,0
2009-10-16,8600,4,0,0
2009-10-23,0,0,2800,2
2009-10-29,0,0,800,1
2009-10-30,0,0,11150,5
2009-11-02,0,0,2500,1
2009-11-04,6050,2,0,0
2009-11-06,1250,1,0,0
2009-11-07,9200,5,0,0
2009-11-12,1850,1,0,0
2009-11-13,15350,8,0,0
2009-11-20,0,0,5200,3
2009-11-24,0,0,6100,1
2009-11-26,9300,3,0,0
2009-12-04,0,0,2150,3
2009-12-09,0,0,5000,1
2009-12-10,0,0,3700,3
2009-12-11,0,0,15050,13
2009-12-17,6600,5,0,0
2009-12-18,36350,15,0,0
2009-12-23,0,0,9450,5
2009-12-24,0,0,24350,16
2009-12-25,0,0,24350,16
2009-12-26,0,0,9800,3
2009-12-31,26200,6,0,0
2010-01-06,0,0,6000,1
2010-01-08,12750,9,0,0
2010-01-09,1050,2,0,0
2010-01-11,6650,3,0,0
2010-01-15,9400,3,0,0
2010-01-19,3800,1,0,0
2010-01-21,0,0,24750,9
2010-01-22,0,0,8850,10
2010-01-29,17850,6,0,0
2010-02-04,3050,1,0,0
2010-02-10,13700,8,0,0
2010-02-12,21150,7,0,0
2010-02-18,3800,1,0,0
2010-02-19,6700,5,0,0
2010-02-25,0,0,6000,1
2010-02-26,0,0,2100,1
2010-03-05,0,0,8850,6
2010-03-06,8300,8,0,0
2010-03-07,8300,8,0,0
2010-03-08,950,4,0,0
2010-03-09,13300,9,0,0
2010-03-12,15600,5,0,0
2010-03-18,5700,3,0,0
2010-03-19,18350,8,0,0
2010-03-22,0,0,6000,1
2010-03-24,0,0,5100,1
2010-03-25,0,0,1800,2
2010-03-26,0,0,12800,2
2010-03-30,0,0,11000,3
2010-04-01,0,0,19600,8
2010-04-02,0,0,21750,11
2010-04-09,1000,1,0,0
2010-04-13,4500,1,0,0
2010-04-15,15000,9,0,0
2010-04-16,29800,18,0,0
2010-04-22,0,0,11550,4
2010-04-23,0,0,20400,11
2010-04-24,0,0,20400,11
2010-04-29,0,0,3200,2
2010-04-30,0,0,81600,8
2010-05-05,10650,4,0,0
2010-05-06,65850,9,0,0
2010-05-07,0,0,16500,1
2010-05-11,0,0,7700,1
2010-05-13,0,0,2800,2
2010-05-19,2800,5,0,0
2010-05-20,37150,15,0,0
2010-05-27,4100,1,0,0
2010-05-31,1100,2,0,0
2010-06-03,0,0,7300,3
2010-06-07,0,0,5500,1
2010-06-09,4500,6,0,0
2010-06-10,27900,11,0,0
2010-06-16,11650,7,0,0
2010-06-17,77100,18,0,0
2010-06-23,0,0,7300,3
2010-06-24,0,0,26750,11
2010-06-25,0,0,24450,8
2010-06-28,0,0,49850,10
2010-06-30,0,0,23600,8
2010-07-01,0,0,23600,8
2010-07-02,0,0,13500,1
2010-07-08,2200,2,0,0
2010-07-15,36150,15,0,0
2010-07-22,16650,10,0,0
2010-07-29,800,1,0,0
2010-07-30,1100,1,0,0
2010-08-02,550,1,0,0
2010-08-03,21100,7,0,0
2010-08-04,0,0,3800,1
2010-08-09,0,0,8300,1
2010-08-10,0,0,5900,1
2010-08-11,8750,3,0,0
2010-08-12,8750,3,0,0
2010-08-18,0,0,500,1
2010-08-19,0,0,11800,4
2010-08-20,2000,1,0,0
2010-08-23,2600,3,0,0
2010-08-26,34400,9,0,0
2010-08-31,12350,7,0,0
2010-09-02,0,0,15450,12
2010-09-07,0,0,21000,1
2010-09-08,3500,1,12000,1
2010-09-14,0,0,4450,3
2010-09-15,0,0,25050,11
2010-09-16,0,0,16900,10
2010-09-20,0,0,1450,2
2010-09-22,0,0,17700,4
2010-09-23,0,0,52200,10
2010-09-24,0,0,19900,5
2010-09-27,0,0,29750,5
2010-09-28,0,0,31450,7
2010-09-29,0,0,41300,8
2010-09-30,0,0,46300,7
2010-10-01,0,0,800,1
2010-10-04,0,0,2400,1
2010-10-06,0,0,7000,1
2010-10-08,0,0,5000,1
2010-10-13,0,0,12500,4
2010-10-14,0,0,11300,5
2010-10-15,0,0,6000,1
2010-10-18,3750,2,0,0
2010-10-19,0,0,6500,2
2010-10-20,0,0,8150,4
2010-10-21,0,0,7450,7
2010-10-28,22650,7,0,0
2010-10-29,0,0,1600,1
2010-11-01,0,0,23950,8
2010-11-02,0,0,3000,1
2010-11-04,600,1,0,0
2010-11-05,0,0,4900,2
2010-11-10,0,0,8000,1
2010-11-11,0,0,4600,1
2010-11-15,9800,9,0,0
2010-11-16,0,0,16400,7
2010-11-25,0,0,12000,6
2010-11-29,2050,1,0,0
2010-12-02,0,0,8100,2
2010-12-08,500,1,0,0
2010-12-09,13000,1,0,0
2010-12-10,0,0,1000,1
2010-12-13,0,0,13100,7
2010-12-14,0,0,11500,4
2010-12-15,0,0,13450,9
2010-12-20,4300,2,0,0
2010-12-23,6100,6,9600,1
2010-12-24,0,0,10000,1
2010-12-30,0,0,9250,6
2010-12-31,14300,3,0,0
2011-01-06,8850,6,0,0
2011-01-07,0,0,6000,1
2011-01-11,0,0,1650,1
2011-01-12,0,0,3450,1
2011-01-13,0,0,6700,1
2011-01-14,5500,1,0,0
2011-01-20,0,0,6550,7
2011-01-27,17100,2,0,0
2011-02-01,0,0,6500,2
2011-02-02,0,0,13500,2
2011-02-03,0,0,17550,7
2011-02-09,0,0,1000,1
2011-02-10,17050,12,0,0
2011-02-15,0,0,800,1
2011-02-17,28050,10,0,0
2011-02-23,2500,1,0,0
2011-02-24,20550,5,0,0
2011-03-03,5500,1,1700,1
2011-03-10,6700,8,0,0
2011-03-17,49000,13,0,0
2011-03-18,9400,3,0,0
2011-03-19,6000,3,0,0
2011-03-24,68250,20,0,0
2011-03-26,3200,3,0,0
2011-03-30,10600,8,0,0
2011-03-31,24700,3,0,0
2011-04-04,6000,1,0,0
2011-04-05,11500,1,0,0
2011-04-06,5000,1,0,0
2011-04-07,0,0,6500,1
2011-04-13,0,0,11050,5
2011-04-14,0,0,25050,7
2011-04-20,9850,6,0,0
2011-04-21,10900,4,0,0
2011-04-22,0,0,18600,4
2011-04-23,0,0,18100,5
2011-04-25,0,0,11650,3
2011-04-26,0,0,800,1
2011-04-27,0,0,4300,5
2011-04-28,0,0,3600,2
2011-05-02,10000,1,0,0
2011-05-03,0,0,82300,6
2011-05-04,0,0,44400,13
2011-05-05,0,0,3700,1
2011-05-11,0,0,4100,2
2011-05-12,0,0,1900,3
2011-05-16,11000,8,0,0
2011-05-19,35300,13,0,0
2011-05-26,14900,9,0,0
2011-05-30,750,1,0,0
2011-06-01,0,0,5000,1
2011-06-02,0,0,31800,5
2011-06-04,0,0,7500,1
2011-06-09,11000,1,0,0
2011-06-11,0,0,9200,5
2011-06-14,0,0,5700,5
2011-06-15,0,0,27200,1
2011-06-16,10900,5,0,0
2011-06-22,0,0,8900,3
2011-06-23,0,0,32950,15
2011-06-27,0,0,21350,6
2011-06-28,100,1,23350,9
2011-06-29,0,0,54850,14
2011-06-30,51900,11,0,0
2011-07-05,7700,2,0,0
2011-07-06,13650,10,0,0
2011-07-07,73000,13,0,0
2011-07-08,13300,6,0,0
2011-07-09,14250,5,0,0
2011-07-11,3000,2,0,0
2011-07-12,1350,1,0,0
2011-07-14,62900,16,0,0
2011-07-18,12300,9,0,0
2011-07-21,20700,11,0,0
2011-07-22,11450,3,0,0
2011-07-23,9500,1,0,0
2011-07-28,36900,13,0,0
2011-08-01,1700,1,0,0
2011-08-03,7000,3,0,0
2011-08-04,26000,11,0,0
2011-08-08,0,0,2000,1
2011-08-09,0,0,5550,4
2011-08-10,0,0,10200,5
2011-08-11,53600,12,0,0
2011-08-12,14750,10,0,0
2011-08-13,27150,7,0,0
2011-08-15,1600,2,0,0
2011-08-17,0,0,3000,1
2011-08-18,9600,4,0,0
2011-08-19,50,1,0,0
2011-08-22,1150,2,0,0
2011-08-23,7200,6,0,0
2011-08-24,7550,5,0,0
2011-08-25,44000,10,0,0
2011-08-26,0,0,16000,2
2011-08-27,0,0,17600,3
2011-08-29,24700,5,0,0
2011-08-30,8750,7,0,0
2011-09-05,7600,5,0,0
2011-09-06,16600,8,0,0
2011-09-07,15750,6,0,0
2011-09-08,14900,7,0,0
2011-09-13,6200,3,0,0
2011-09-15,20850,7,0,0
2011-09-21,0,0,1900,2
2011-09-22,21450,5,0,0
2011-09-24,3200,1,0,0
2011-09-26,3600,4,0,0
2011-09-27,11050,5,0,0
2011-09-28,10600,4,0,0
2011-09-29,15250,5,0,0
2011-09-30,54100,9,0,0
2011-10-01,18850,2,0,0
2011-10-03,32900,9,0,0
2011-10-06,21350,9,0,0
2011-10-07,27450,12,0,0
2011-10-08,22450,7,0,0
2011-10-10,38500,8,0,0
2011-10-11,51900,11,0,0
2011-10-12,52850,14,0,0
2011-10-13,80950,15,0,0
2011-10-19,7250,6,0,0
2011-10-20,0,0,39450,10
2011-10-21,15300,1,0,0
2011-10-25,0,0,2800,2
2011-10-26,0,0,2900,3
2011-10-27,4000,1,0,0
2011-11-02,1000,1,0,0
2011-11-03,116700,21,0,0
2011-11-04,10600,5,0,0
2011-11-10,35950,13,0,0
2011-11-15,0,0,750,1
2011-11-16,0,0,35550,11
2011-11-17,0,0,16300,4
2011-11-18,3500,1,0,0
2011-11-22,2500,1,0,0
2011-11-23,7100,5,0,0
2011-11-24,25150,8,0,0
2011-11-25,550,1,0,0
2011-12-01,2550,1,0,0
2011-12-07,48850,11,0,0
2011-12-08,62750,14,0,0
2011-12-12,0,0,5300,4
2011-12-13,0,0,10900,7
2011-12-14,0,0,7450,2
2011-12-15,0,0,95600,18
2011-12-16,0,0,2500,1
2011-12-22,7150,9,0,0
2011-12-23,0,0,3000,1
2011-12-26,6800,2,0,0
2011-12-27,0,0,5100,2
2011-12-28,0,0,26400,11
2011-12-29,0,0,92850,20
2012-01-03,0,0,51950,4
2012-01-04,0,0,57500,14
2012-01-05,0,0,58550,16
2012-01-06,3450,2,0,0
2012-01-09,6750,6,0,0
2012-01-11,800,1,0,0
2012-01-12,40400,6,0,0
2012-01-16,0,0,6200,1
2012-01-18,1700,1,0,0
2012-01-19,2800,1,0,0
2012-01-23,0,0,1800,1
2012-01-25,0,0,5500,5
2012-01-26,29750,13,0,0
2012-01-31,15950,8,0,0
2012-02-01,4150,3,0,0
2012-02-02,22100,8,0,0
2012-02-06,1800,2,0,0
2012-02-08,650,1,0,0
2012-02-09,39600,13,0,0
2012-02-16,25150,5,0,0
2012-02-23,0,0,51400,11
2012-02-29,14100,4,0,0
2012-03-05,8600,4,0,0
2012-03-06,13250,5,0,0
2012-03-07,4450,4,0,0
2012-03-08,111450,15,0,0
2012-03-12,0,0,5800,2
2012-03-13,0,0,6200,6
2012-03-14,0,0,9700,5
2012-03-15,0,0,8350,6
2012-03-16,17050,9,0,0
2012-03-19,23150,10,0,0
2012-03-20,5500,3,0,0
2012-03-22,0,0,70100,16
2012-03-26,4700,2,0,0
2012-03-27,9600,2,0,0
2012-03-29,0,0,1950,2
2012-03-30,69600,9,0,0
2012-04-02,1500,1,5500,1
2012-04-03,0,0,12000,1
2012-04-04,0,0,12300,4
2012-04-05,0,0,29450,10
2012-04-09,3500,1,0,0
2012-04-12,1300,1,0,0
2012-04-16,2500,1,0,0
2012-04-17,2100,2,0,0
2012-04-18,8250,2,0,0
2012-04-19,30150,7,0,0
2012-04-24,7500,1,0,0
2012-04-25,6000,1,0,0
2012-04-26,8600,4,0,0
2012-04-30,27500,3,0,0
2012-05-03,0,0,31850,9
2012-05-08,17800,2,0,0
2012-05-09,0,0,10000,1
2012-05-10,14100,2,0,0
2012-05-11,15650,6,0,0
2012-05-14,24050,7,0,0
2012-05-15,15550,6,0,0
2012-05-16,35100,10,0,0
2012-05-17,132000,20,0,0
2012-05-18,5500,1,0,0
2012-05-22,0,0,4250,3
2012-05-23,0,0,12500,6
2012-05-24,0,0,28500,9
2012-05-30,1600,2,0,0
2012-05-31,45400,14,0,0
2012-06-07,67100,13,0,0
2012-06-12,12050,4,0,0
2012-06-13,0,0,1600,1
2012-06-14,0,0,17650,2
2012-06-15,17250,3,0,0
2012-06-18,15950,7,0,0
2012-06-21,25150,5,0,0
2012-06-27,0,0,26000,9
2012-06-28,0,0,35950,11
2012-06-29,36500,10,0,0
2012-06-30,0,0,12500,1
2012-07-03,0,0,13400,2
2012-07-04,0,0,22100,8
2012-07-05,0,0,2250,1
2012-07-06,13700,7,0,0
2012-07-10,8250,6,0,0
2012-07-11,33450,10,0,0
2012-07-12,138750,14,0,0
2012-07-16,14500,1,0,0
2012-07-17,25500,1,0,0
2012-07-18,21250,3,0,0
2012-07-19,91900,11,0,0
2012-07-24,9700,2,0,0
2012-07-25,12350,6,0,0
2012-07-26,141900,18,0,0
2012-07-27,6300,3,0,0
2012-07-31,2500,1,0,0
2012-08-02,0,0,14850,5
2012-08-06,5400,4,0,0
2012-08-09,54250,15,0,0
2012-08-10,49000,13,0,0
2012-08-13,18450,12,0,0
2012-08-16,10550,7,0,0
2012-08-17,9150,8,0,0
2012-08-23,21150,3,0,0
2012-08-27,0,0,8050,4
2012-08-28,0,0,35250,13
2012-08-29,0,0,60750,18
2012-08-30,0,0,68250,17
2012-08-31,35100,12,0,0
2012-09-06,86900,13,0,0
2012-09-11,1000,1,0,0
2012-09-12,12900,5,0,0
2012-09-13,43200,15,0,0
2012-09-14,0,0,5600,2
2012-09-17,0,0,5850,3
2012-09-18,17350,8,0,0
2012-09-19,0,0,3500,3
2012-09-20,55050,9,0,0
2012-09-25,12150,6,0,0
2012-09-26,18200,9,0,0
2012-09-27,50300,13,0,0
2012-09-28,2550,2,0,0
2012-09-30,13000,1,0,0
2012-10-01,0,0,34700,11
2012-10-02,0,0,33000,9
2012-10-03,0,0,42200,9
2012-10-04,0,0,82950,11
2012-10-05,57050,10,0,0
2012-10-11,15500,4,0,0
2012-10-19,67700,3,0,0
2012-10-22,95250,7,0,0
2012-10-23,0,0,12200,5
2012-10-24,0,0,56400,11
2012-10-25,0,0,21450,11
2012-11-05,0,0,3500,1
2012-11-06,0,0,12900,3
2012-11-07,0,0,15150,4
2012-11-08,25400,8,0,0
2012-11-15,8700,3,0,0
2012-11-20,2500,2,0,0
2012-11-22,1700,2,0,0
2012-12-03,0,0,5100,3
2012-12-04,0,0,1600,1
2012-12-06,33550,5,0,0
2012-12-17,4000,1,0,0
2012-12-18,30900,10,0,0
2012-12-19,31400,13,0,0
2012-12-20,83300,11,0,0
2012-12-21,67000,2,0,0
2012-12-28,0,0,10000,3
2013-01-02,0,0,55650,9
2013-01-10,14200,5,0,0
2013-01-14,20000,1,0,0
2013-01-15,35000,1,0,0
2013-01-16,23150,4,0,0
2013-01-17,32100,4,0,0
2013-01-24,5500,3,0,0
2013-01-30,8500,1,0,0
2013-01-31,0,0,15700,9
2013-02-14,0,0,4400,1
2013-02-28,17650,7,0,0
2013-03-13,0,0,7550,3
2013-03-14,0,0,38300,14
2013-03-22,26200,3,0,0
2013-03-25,2250,1,0,0
2013-03-26,27000,8,0,0
2013-03-27,55650,6,0,0
2013-03-28,58500,10,0,0
2013-03-29,22000,3,0,0
2013-04-04,5000,1,0,0
2013-04-05,49200,6,0,0
2013-04-08,52650,6,0,0
2013-04-09,85800,7,0,0
2013-04-10,64400,8,0,0
2013-04-11,100050,7,0,0
2013-04-15,6500,1,0,0
2013-04-19,6100,3,0,0
2013-04-22,3650,2,0,0
2013-04-23,650,1,0,0
2013-04-24,650,1,0,0
2013-04-25,30050,2,0,0
2013-04-26,35000,1,0,0
2013-05-07,0,0,19800,2
2013-05-08,0,0,13950,4
2013-05-09,2050,2,0,0
2013-05-16,84850,7,0,0
2013-05-17,61150,6,0,0
2013-05-20,58750,7,0,0
2013-05-21,12600,5,0,0
2013-05-22,31900,4,0,0
2013-05-23,171150,11,0,0
2013-05-24,16500,1,0,0
2013-05-31,24300,2,0,0
2013-06-04,0,0,2200,1
2013-06-06,13100,2,0,0
2013-06-13,40050,4,0,0
2013-06-14,43100,2,0,0
2013-06-17,0,0,19300,1
2013-06-20,3200,1,0,0
2013-06-21,3500,1,0,0
2013-06-24,14500,2,0,0
2013-07-04,75000,1,0,0
2013-07-09,35000,1,0,0
2013-07-10,40400,4,0,0
2013-07-17,0,0,29900,8
2013-07-18,6950,2,0,0
2013-07-19,5700,3,0,0
2013-07-26,0,0,15500,1
2013-07-31,8250,2,0,0
2013-08-01,0,0,9850,5
2013-08-05,4000,1,0,0
2013-08-06,20550,6,0,0
2013-08-13,0,0,2750,2
2013-08-15,0,0,25400,3
2013-08-23,7000,1,0,0
2013-08-29,0,0,16500,10
2013-09-05,0,0,50150,8
2013-09-06,0,0,192050,18
2013-09-09,0,0,12450,5
2013-09-10,0,0,26450,7
2013-09-12,0,0,33300,10
2013-09-23,0,0,400,1
2013-09-26,1800,1,4300,1
2013-09-30,45900,13,0,0
2013-10-04,26000,1,0,0
2013-10-08,19100,6,0,0
2013-10-09,25750,5,0,0
2013-10-10,145700,9,0,0
2013-10-21,111150,14,0,0
2013-10-24,0,0,22000,10
2013-11-01,0,0,4850,3
2013-11-18,0,0,28500,8
2013-11-19,0,0,7200,1
2013-11-20,0,0,31850,4
2013-11-21,0,0,105400,12
2013-11-28,160350,16,0,0
2013-11-29,67900,12,0,0
2013-12-02,61100,7,0,0
2013-12-03,35850,6,0,0
2013-12-04,37450,6,0,0
2013-12-05,74950,9,0,0
2013-12-16,32050,5,0,0
2013-12-18,13200,2,0,0
2013-12-19,100550,7,0,0
2013-12-30,35950,3,0,0
2013-12-31,30550,3,0,0
2014-01-02,0,0,34000,1
2014-01-06,14450,4,0,0
2014-01-07,20000,1,0,0
2014-01-08,3150,1,0,0
2014-01-09,5000,1,0,0
2014-01-16,15500,1,0,0
2014-01-23,87450,10,0,0
2014-01-24,18500,2,0,0
2014-01-27,7000,1,0,0
2014-01-28,11700,1,0,0
2014-01-30,184150,9,0,0
2014-01-31,22200,2,0,0
2014-02-04,19000,1,0,0
2014-02-07,3200,1,0,0
2014-02-13,0,0,52450,12
2014-02-14,9300,1,0,0
2014-02-17,28300,3,0,0
2014-02-18,6400,2,0,0
2014-02-19,500,1,0,0
2014-02-21,0,0,54950,10
2014-02-26,0,0,8600,3
2014-02-27,0,0,87800,5
2014-02-28,240300,17,0,0
2014-03-10,38700,3,0,0
2014-03-11,12000,1,0,0
2014-03-13,38050,1,0,0
2014-03-18,2850,2,0,0
2014-03-19,4000,1,0,0
2014-03-21,0,0,2100,1
2014-03-27,380550,23,0,0
2014-03-28,251650,12,0,0
2014-03-31,135200,11,0,0
2014-04-01,4700,2,0,0
2014-04-02,13400,4,0,0
2014-04-03,29000,1,0,0
2014-04-04,29000,1,0,0
2014-04-08,26500,1,0,0
2014-04-09,4400,3,0,0
2014-04-10,30850,3,0,0
2014-04-23,0,0,8000,1
2014-04-24,285200,17,0,0
2014-05-02,163700,7,0,0
2014-05-07,0,0,17100,4
2014-05-08,0,0,63250,10
2014-05-12,4950,1,0,0
2014-05-16,10250,2,0,0
2014-05-19,20400,2,0,0
2014-05-21,106000,2,0,0
2014-05-22,414200,12,0,0
2014-05-23,70500,4,0,0
2014-05-30,1000,1,0,0
2014-06-02,0,0,16700,4
2014-06-03,0,0,28050,5
2014-06-04,0,0,1100,1
2014-06-05,0,0,4600,2
2014-06-06,12300,3,0,0
2014-06-17,0,0,10100,1
2014-06-18,0,0,3200,1
2014-06-19,70850,5,6500,1
2014-06-24,0,0,2800,1
2014-06-25,0,0,7400,1
2014-06-26,0,0,39250,8
2014-06-30,0,0,17500,4
2014-07-03,8500,4,0,0
2014-07-04,2000,1,0,0
2014-07-10,18350,3,0,0
2014-07-17,134150,11,0,0
2014-07-23,0,0,33000,1
2014-07-24,0,0,15150,3
2014-07-25,17400,2,0,0
2014-07-28,10000,4,0,0
2014-08-11,7850,2,0,0
2014-08-12,10000,5,0,0
2014-08-13,85200,14,0,0
2014-08-15,17000,1,0,0
2014-08-26,17900,4,0,0
2014-08-28,0,0,45000,7
2014-09-04,10000,1,0,0
2014-09-11,36750,4,0,0
2014-09-12,47950,6,0,0
2014-09-15,59550,7,0,0
2014-09-16,90950,11,0,0
2014-09-17,80200,12,0,0
2014-09-18,14500,3,0,0
2014-09-25,0,0,70300,6
2014-09-26,4050,1,0,0
2014-09-29,6000,1,0,0
2014-09-30,15000,1,0,0
2014-10-03,26900,6,0,0
2014-10-09,190650,16,0,0
2014-10-17,0,0,8000,2
2014-10-20,0,0,34950,5
2014-10-21,0,0,98950,8
2014-10-22,0,0,81300,7
2014-10-23,0,0,91750,8
2014-10-31,27100,3,0,0
2014-11-06,72500,11,0,0
2014-11-07,5250,1,0,0
2014-11-10,5250,1,0,0
2014-11-11,6550,2,0,0
2014-11-13,78050,7,0,0
2014-11-17,3300,2,0,0
2014-11-18,3250,1,0,0
2014-11-19,19500,4,0,0
2014-11-20,146100,16,0,0
2014-11-28,3950,1,0,0
2014-12-01,3000,1,0,0
2014-12-02,17550,4,0,0
2014-12-04,0,0,1400,1
2014-12-12,7000,2,0,0
2014-12-15,7000,1,0,0
2014-12-17,4800,1,0,0
2014-12-18,208100,14,0,0
2014-12-26,6000,1,0,0
2014-12-29,0,0,4300,2
2014-12-30,0,0,48700,3
2014-12-31,328600,23,0,0
2015-01-05,10900,3,0,0
2015-01-06,44550,3,0,0
2015-01-07,41450,2,0,0
2015-01-08,120450,6,0,0
2015-01-12,4300,1,0,0
2015-01-13,12000,1,0,0
2015-01-15,0,0,7250,2
2015-01-23,41050,6,0,0
2015-01-26,15750,5,0,0
2015-01-27,21550,3,0,0
2015-01-28,2600,2,0,0
2015-02-06,47600,4,0,0
2015-02-10,0,0,18500,2
2015-02-11,0,0,36450,8
2015-02-12,150,1,0,0
2015-02-19,15000,1,0,0
2015-02-23,10200,3,0,0
2015-02-26,1500,1,8300,4
2015-03-19,18500,2,0,0
2015-03-26,18400,5,0,0
2015-03-31,105600,5,0,0
2015-04-02,43300,2,0,0
2015-04-09,0,0,3700,3
2015-04-17,95750,2,0,0
2015-04-22,0,0,83550,9
2015-04-23,600,1,0,0
2015-05-05,6250,2,0,0
2015-05-06,14200,1,0,0
2015-05-07,7750,4,0,0
2015-05-08,4000,1,0,0
2015-05-21,11550,4,0,0
2015-06-04,0,0,3900,2
2015-06-16,0,0,32000,1
2015-06-17,0,0,3000,1
2015-06-18,9650,4,0,0
2015-06-29,75850,10,0,0
2015-06-30,33350,8,0,0
2015-07-02,39350,3,0,0
2015-07-08,33000,3,0,0
2015-07-09,106150,10,0,0
2015-07-14,1500,1,0,0
2015-07-15,16050,3,0,0
2015-07-16,11300,1,0,0
2015-07-23,21500,1,0,0
2015-07-27,16000,1,0,0
2015-07-30,0,0,6400,4
2015-08-06,100900,11,0,0
2015-08-13,0,0,1000,1
2015-08-27,3900,1,0,0
2015-08-31,32500,5,0,0
2015-09-10,17350,4,0,0
2015-09-11,150,1,0,0
2015-09-15,7000,1,0,0
2015-09-21,0,0,38550,3
2015-09-22,0,0,41250,6
2015-09-23,0,0,2050,2
2015-09-30,515500,10,0,0
2015-10-01,49000,2,0,0
2015-10-02,23000,1,0,0
2015-10-05,29000,1,0,0
2015-10-06,38000,1,0,0
2015-10-07,29000,1,0,0
2015-10-08,20600,10,0,0
2015-10-19,15500,1,0,0
2015-10-22,0,0,7700,1
2015-11-05,0,0,2000,1
2015-11-12,63000,1,0,0
2015-11-19,13600,6,0,0
2015-12-03,5800,1,0,0
2015-12-07,500,1,0,0
2015-12-08,12000,1,0,0
2015-12-09,20000,1,0,0
2015-12-17,20000,1,0,0
2015-12-28,10000,1,0,0
2015-12-30,0,0,61650,3
2015-12-31,229800,12,0,0
2016-01-04,2850,2,0,0
2016-01-05,25000,1,0,0
2016-01-06,45600,2,0,0
2016-01-14,4100,2,0,0
2016-01-15,17000,1,0,0
2016-01-28,27050,5,0,0
2016-02-03,19000,1,0,0
2016-02-08,39400,5,0,0
2016-02-11,0,0,13700,2
2016-02-15,14000,2,0,0
2016-02-17,23800,3,0,0
2016-02-25,0,0,4650,5
2016-03-08,0,0,16800,3
2016-03-09,0,0,51750,8
2016-03-10,0,0,17150,5
2016-03-17,25000,1,0,0
2016-03-24,0,0,6700,3
2016-03-31,263600,14,0,0
2016-04-07,5000,2,0,0
2016-04-20,21000,1,0,0
2016-04-21,51900,5,0,0
2016-05-04,0,0,4000,2
2016-05-05,3750,3,0,0
2016-05-12,10750,1,0,0
2016-05-19,29500,5,0,0
2016-06-02,0,0,5500,4
2016-06-14,0,0,14600,1
2016-06-15,0,0,25000,1
2016-06-16,6900,2,0,0
2016-06-24,11200,2,0,0
2016-06-27,0,0,13450,2
2016-06-28,0,0,87400,5
2016-06-29,0,0,109050,7
2016-06-30,607400,9,0,0
2016-07-04,1300,1,0,0
2016-07-11,145950,10,0,0
2016-07-13,0,0,6650,2
2016-07-28,17700,1,0,0
2016-08-11,0,0,5200,1
2016-08-22,2500,1,0,0
2016-08-25,5750,1,0,0
2016-08-31,260750,9,0,0
2016-09-07,32000,2,0,0
2016-09-08,9000,2,0,0
2016-09-16,7000,1,0,0
2016-09-22,22500,1,0,0
2016-10-06,28100,2,0,0
2016-10-20,0,0,6000,2
2016-11-03,800,1,0,0
2016-11-17,0,0,25650,6
2016-12-01,5850,3,0,0
2016-12-08,23000,1,0,0
2016-12-15,1800,1,0,0
2016-12-28,0,0,11700,2
2016-12-29,6000,1,0,0
2017-01-05,72000,1,0,0
2017-01-12,36500,4,0,0
2017-01-26,1600,1,0,0
2017-02-06,4000,1,0,0
2017-02-22,0,0,7000,1
2017-02-23,7600,1,1800,1
2017-02-24,0,0,10100,1
2017-02-27,0,0,9000,1
2017-02-28,0,0,6000,1
2017-03-02,8000,1,0,0
2017-03-09,8600,4,0,0
2017-03-22,22500,2,0,0
2017-03-30,0,0,10000,1
2017-03-31,0,0,12800,1
2017-04-03,30000,1,0,0
2017-04-06,0,0,1550,1
2017-04-18,15000,1,0,0
2017-04-20,0,0,17450,7
2017-04-27,0,0,22200,1
2017-04-28,0,0,20600,1
2017-05-04,0,0,9000,3
2017-05-18,8000,1,0,0
2017-05-25,0,0,42500,1
2017-05-26,10000,1,43500,1
2017-05-30,0,0,39000,1
2017-05-31,7000,1,39000,1
2017-06-09,33000,1,5250,1
2017-06-15,31000,1,0,0
2017-06-22,15000,1,0,0
2017-06-23,15000,2,0,0
2017-06-29,32850,5,13400,2
2017-06-30,8000,2,0,0
2017-07-12,7800,3,0,0
2017-08-10,9500,4,0,0
2017-08-24,10200,2,0,0
2017-08-31,17500,3,0,0
2017-09-05,20000,4,0,0
2017-09-06,15000,1,0,0
2017-09-07,0,0,3500,3
2017-09-21,5800,3,0,0
2017-10-02,0,0,13500,1
2017-10-05,47500,3,0,0
2017-10-12,12000,1,0,0
2017-10-19,7500,1,0,0
2017-11-02,8000,1,0,0
2017-11-16,3100,1,0,0
2017-11-30,34800,5,0,0
2017-12-07,133500,6,0,0
2017-12-12,4900,1,0,0
2017-12-13,12000,2,0,0
2017-12-21,0,0,37000,1
2017-12-28,0,0,1500,1
2018-01-25,0,0,12400,5
2018-02-08,4700,1,0,0
2018-02-22,7700,2,0,0
2018-03-22,0,0,300,1
2018-03-26,30000,1,0,0
2018-03-30,17000,1,47500,1
2018-04-02,15500,1,0,0
2018-04-03,12000,2,0,0
2018-04-04,3300,1,0,0
2018-04-05,4500,1,0,0
2018-04-06,17000,1,0,0
2018-04-19,12200,1,0,0
2018-04-26,22000,1,0,0
2018-04-30,8500,2,0,0
2018-05-03,0,0,4300,3
2018-05-10,0,0,7500,1
2018-05-16,5400,4,0,0
2018-05-25,16500,1,0,0
2018-05-29,0,0,52000,1
2018-05-31,71000,3,0,0
2018-06-14,46000,1,0,0
2018-06-22,24000,1,0,0
2018-06-25,20000,1,0,0
2018-06-26,6000,1,0,0
2018-06-28,41800,3,0,0
2018-06-29,104700,8,0,0
2018-07-06,0,0,15000,1
2018-07-10,14500,2,0,0
2018-07-11,28700,4,0,0
2018-07-12,2900,1,0,0
2018-07-13,76000,2,0,0
2018-07-19,45000,1,0,0
2018-07-20,0,0,35000,1
2018-07-23,0,0,9000,1
2018-07-24,0,0,17500,2
2018-07-26,0,0,15000,3
2018-07-30,0,0,15500,1
2018-08-09,25700,4,0,0
2018-08-13,10200,2,0,0
2018-08-15,8000,1,0,0
2018-08-20,0,0,39500,8
2018-08-27,3000,2,0,0
2018-09-06,58900,4,0,0
2018-09-17,80000,1,0,0
2018-09-19,17200,1,0,0
2018-09-28,121800,3,0,0
2018-10-01,11200,1,0,0
2018-10-02,0,0,8500,2
2018-10-03,0,0,52500,3
2018-10-04,36000,1,21500,2
2018-10-10,55000,1,0,0
2018-10-18,163100,7,0,0
2018-11-15,14700,1,0,0
2018-11-29,14500,2,0,0
2018-11-30,25400,3,0,0
2018-12-06,74500,5,0,0
2018-12-07,59000,3,0,0
2018-12-10,27500,1,0,0
2018-12-11,34000,1,0,0
2018-12-12,26200,5,0,0
2018-12-13,16500,2,0,0
2018-12-24,23000,1,0,0
2018-12-27,20100,1,0,0
2019-01-03,0,0,18500,2
2019-01-07,0,0,123000,4
2019-01-10,28300,1,0,0
2019-01-18,0,0,20500,1
2019-01-24,21600,4,0,0
2019-02-07,0,0,4700,2
2019-02-14,88000,1,0,0
2019-02-18,9000,1,0,0
2019-02-21,12400,6,0,0
2019-03-01,12375,2,0,0
2019-03-04,0,0,12500,2
2019-03-06,8400,1,0,0
2019-03-07,0,0,3650,1
2019-03-21,36500,5,0,0
2019-04-02,0,0,26900,1
2019-04-03,0,0,28000,2
2019-04-04,24000,4,0,0
2019-04-05,0,0,42000,1
2019-04-08,0,0,43000,1
2019-04-09,0,0,39000,1
2019-04-10,0,0,23000,1
2019-04-11,255000,1,0,0
2019-04-12,59000,2,0,0
2019-04-15,82000,1,0,0
2019-04-18,19800,3,0,0
2019-04-19,9000,1,0,0
2019-04-25,243800,3,0,0
2019-05-02,0,0,31300,6
2019-05-08,55900,6,0,0
2019-05-10,3000,1,11000,1
2019-05-15,0,0,15000,1
2019-05-16,39000,4,0,0
2019-05-21,0,0,9400,1
2019-05-22,0,0,34500,2
2019-05-23,2100,2,0,0
2019-05-24,0,0,6000,1
2019-05-27,0,0,8000,1
2019-05-28,19000,4,0,0
2019-05-29,2000,1,0,0
2019-05-30,84100,3,0,0
2019-05-31,28000,1,0,0
2019-06-03,0,0,13000,2
2019-06-10,147000,1,0,0
2019-06-11,108000,1,0,0
2019-06-12,0,0,22000,1
2019-06-13,0,0,5200,1
2019-06-24,2000,1,0,0
2019-06-26,0,0,16500,2
2019-06-27,0,0,47500,5
2019-07-02,0,0,15500,1
2019-07-04,0,0,205900,10
2019-07-05,31000,1,0,0
2019-07-09,2500,1,0,0
2019-07-10,10000,1,0,0
2019-07-11,14250,4,0,0
2019-07-17,0,0,106350,9
2019-07-18,48000,2,0,0
2019-07-22,35000,1,0,0
2019-07-23,0,0,28000,3
2019-07-24,0,0,88100,13
2019-07-25,21050,11,0,0
2019-08-01,1500,1,0,0
2019-08-02,40000,1,0,0
2019-08-05,72800,6,0,0
2019-08-08,17800,2,0,0
2019-08-16,42000,1,0,0
2019-08-22,11900,2,0,0
2019-09-04,0,0,36100,5
2019-09-05,0,0,57300,5
2019-09-06,7000,2,0,0
2019-09-19,28100,12,0,0
2019-09-30,132050,10,0,0
2019-10-03,0,0,15500,1
2019-10-17,22300,3,0,0
2019-10-24,0,0,50000,1
2019-10-25,15000,1,10500,3
2019-10-29,0,0,23700,5
2019-10-30,0,0,103750,12
2019-10-31,39100,2,11000,1
2019-11-06,4400,2,0,0
2019-11-14,0,0,20700,5
2019-11-21,21000,1,0,0
2019-11-28,0,0,9000,2
2019-12-11,0,0,15600,1
2019-12-12,16200,3,0,0
2019-12-26,1500,1,0,0
2019-12-27,26700,3,0,0
2019-12-31,0,0,15000,1
2020-01-01,0,0,0,0
2020-01-02,5000,1,0,0
2020-01-03,0,0,8000,1
2020-01-06,14000,1,0,0
2020-01-09,31000,7,0,0
2020-01-17,3000,1,0,0
2020-01-20,24750,2,0,0
2020-01-23,0,0,43100,11
2020-02-01,0,0,0,0
2020-02-03,1000,1,0,0
2020-02-06,30800,9,0,0
2020-02-20,5000,1,0,0
2020-02-28,10500,1,0,0
2020-03-01,0,0,0,0
2020-03-19,500,1,0,0
2020-03-24,39400,5,0,0
2020-03-25,2000,1,0,0
2020-03-26,9000,1,0,0
2020-03-30,0,0,30000,1
2020-04-01,0,0,0,0
2020-04-01,0,0,30000,2
2020-04-02,6300,2,0,0
2020-04-10,29000,1,0,0
2020-04-16,0,0,3800,2
2020-04-23,0,0,13000,1
2020-04-24,20000,2,0,0
2020-04-28,0,0,4000,1
2020-04-29,0,0,5500,1
2020-04-30,1400,1,14200,3
2020-05-01,0,0,0,0
2020-05-07,18000,2,0,0
2020-05-14,21800,2,0,0
2020-05-21,0,0,107300,8
2020-05-28,75050,11,0,0
2020-06-01,0,0,0,0
2020-06-11,22300,2,0,0
2020-06-23,0,0,37000,3
2020-06-24,0,0,168500,7
2020-06-25,6600,2,0,0
2020-06-26,61000,2,0,0
2020-07-01,0,0,0,0
2020-07-09,13400,2,0,0
2020-07-10,6000,2,0,0
2020-07-16,12000,1,0,0
2020-07-23,1500,2,0,0
2020-08-01,0,0,0,0
2020-08-13,0,0,12000,1
2020-08-17,0,0,11000,1
2020-08-19,0,0,22500,1
2020-08-20,5500,3,0,0
2020-08-28,40200,5,32000,2
2020-08-31,109000,1,0,0
2020-09-01,0,0,0,0
2020-09-03,25300,2,0,0
2020-09-14,0,0,6000,1
2020-09-15,0,0,90300,3
2020-09-16,0,0,50000,2
2020-09-17,0,0,22950,9
2020-10-01,0,0,0,0
2020-10-09,0,0,1000,1
2020-10-12,0,0,8500,1
2020-10-13,0,0,6000,1
2020-10-14,0,0,4000,1
2020-10-15,5500,1,0,0
2020-10-19,15000,1,0,0
2020-10-29,0,0,15000,1
2020-11-01,0,0,0,0
2020-11-03,0,0,5000,1
2020-11-05,11000,1,0,0
2020-11-06,0,0,10000,1
2020-11-12,0,0,11300,3
2020-11-24,0,0,11000,1
2020-11-26,0,0,21600,6
2020-12-01,0,0,0,0
2020-12-08,3500,1,0,0
2020-12-09,4000,1,0,0
2020-12-10,14000,1,0,0
2020-12-24,52000,2,35000,1
2020-12-31,0,0,43500,4
2021-01-01,0,0,0,0
2021-01-06,28325,4,0,0
2021-01-07,0,0,11200,2
2021-01-21,2000,1,0,0
2021-01-29,0,0,19300,2
2021-02-01,0,0,0,0
2021-02-01,0,0,24500,1
2021-02-02,0,0,19000,1
2021-02-03,0,0,22000,1
2021-02-04,0,0,6500,1
2021-02-11,57500,1,0,0
2021-02-18,18300,4,0,0
2021-03-01,0,0,0,0
2021-03-01,0,0,17500,1
2021-03-02,0,0,23800,2
2021-03-03,0,0,77700,9
2021-03-04,0,0,23800,4
2021-03-15,3000,1,0,0
2021-03-18,29100,8,0,0
2021-04-01,0,0,0,0
2021-04-01,15300,2,0,0
2021-04-12,0,0,18000,2
2021-04-15,44000,5,0,0
2021-04-16,34000,2,0,0
2021-04-19,28000,1,0,0
2021-04-26,0,0,3000,1
2021-04-27,0,0,57000,3
2021-04-29,14300,3,0,0
2021-05-01,0,0,0,0
2021-05-03,2000,1,0,0
2021-05-05,5000,1,0,0
2021-05-07,34400,7,0,0
2021-05-17,4000,2,0,0
2021-05-18,5000,1,0,0
2021-05-25,0,0,11000,2
2021-05-26,0,0,9000,1
2021-05-27,0,0,35100,7
2021-06-01,0,0,0,0
2021-06-04,0,0,35000,1
2021-06-07,0,0,56000,1
2021-06-08,0,0,75000,2
2021-06-09,0,0,108300,6
2021-06-10,4000,1,0,0
2021-06-15,11000,1,0,0
2021-06-16,24500,3,0,0
2021-06-17,99000,1,0,0
2021-06-18,54000,1,0,0
2021-06-23,0,0,27000,3
2021-06-24,4000,2,0,0
2021-06-29,8000,1,0,0
2021-07-01,0,0,0,0
2021-07-06,40000,1,0,0
2021-07-07,86000,1,0,0
2021-07-08,57700,5,0,0
2021-07-09,11000,1,0,0
2021-07-19,54900,8,0,0
2021-08-01,0,0,0,0
2021-08-05,4000,1,0,0
2021-08-10,17500,1,0,0
2021-08-17,2500,2,0,0
2021-08-27,23000,1,10000,1
2021-08-31,49500,5,0,0
2021-09-01,0,0,0,0
2021-09-02,54100,2,0,0
2021-09-16,31865,3,0,0
2021-09-23,127000,1,19000,1
2021-09-28,0,0,2500,1
2021-09-29,1500,1,69600,3
2021-09-30,0,0,26400,5
2021-10-01,0,0,0,0
2021-10-14,0,0,15900,7
2021-10-28,0,0,8000,1
2021-11-01,0,0,0,0
2021-11-09,15000,1,0,0
2021-11-10,22200,2,0,0
2021-11-11,41500,3,0,0
2021-11-17,33000,2,0,0
2021-11-19,93750,3,0,0
2021-11-22,90000,1,0,0
2021-11-23,20000,1,0,0
2021-11-25,0,0,13000,2
2021-12-01,0,0,0,0
2021-12-03,82920,4,0,0
2021-12-06,1500,1,0,0
2021-12-07,43000,2,0,0
2021-12-09,0,0,69200,7
2021-12-10,50000,1,0,0
2021-12-13,73000,1,0,0
2021-12-16,108730,4,0,0
2021-12-17,0,0,23000,2
2021-12-20,0,0,42000,2
2021-12-21,0,0,123500,3
2021-12-22,0,0,117000,2
2021-12-23,0,0,15000,1
2021-12-27,5000,1,0,0
2021-12-30,13500,1,0,0
2021-12-31,96363,2,30000,1
2022-01-01,0,0,0,0
2022-01-04,10650,1,0,0
2022-01-05,3500,1,0,0
2022-01-06,0,0,34500,2
2022-01-13,13000,1,0,0
2022-01-17,0,0,54000,2
2022-01-18,0,0,45000,3
2022-01-19,0,0,59000,6
2022-01-20,0,0,67800,4
2022-01-24,21000,1,0,0
2022-01-28,50000,1,0,0
2022-01-31,8000,1,0,0
2022-02-01,0,0,0,0
2022-02-03,6000,4,0,0
2022-02-15,300,1,0,0
2022-02-16,26000,2,0,0
2022-02-17,0,0,9500,1
2022-02-18,14150,2,0,0
2022-02-21,9700,2,0,0
2022-02-24,0,0,23000,1
2022-03-01,0,0,0,0
2022-03-01,0,0,180000,2
2022-03-02,0,0,173000,4
2022-03-03,0,0,150650,6
2022-03-10,34050,3,0,0
2022-03-11,87850,12,0,0
2022-03-14,9350,1,0,0
2022-03-15,5350,2,0,0
2022-03-17,71900,2,0,0
2022-03-18,10100,3,0,0
2022-03-22,17700,2,0,0
2022-03-24,4900,1,0,0
2022-03-25,185350,12,0,0
2022-03-28,34750,4,0,0
2022-03-29,0,0,1500,1
2022-03-30,0,0,123000,5
2022-03-31,8050,3,19400,2
2022-04-01,0,0,0,0
2022-04-01,103000,2,0,0
2022-04-06,0,0,20000,1
2022-04-11,10400,2,0,0
2022-04-14,0,0,68000,3
2022-04-18,0,0,11000,1
2022-04-20,0,0,14000,2
2022-04-23,0,0,33000,3
2022-04-25,0,0,183100,6
2022-04-26,0,0,317700,8
2022-04-27,0,0,262000,1
2022-04-28,150700,3,66000,1
2022-04-29,45750,3,0,0
2022-05-01,0,0,0,0
2022-05-06,55600,3,0,0
2022-05-10,61200,2,0,0
2022-05-11,33800,3,0,0
2022-05-12,3400,1,0,0
2022-05-19,0,0,37000,2
2022-05-23,3000,1,0,0
2022-05-24,0,0,182600,7
2022-05-25,0,0,248000,6
2022-05-26,0,0,196350,4
2022-05-27,23600,2,0,0
2022-06-01,0,0,0,0
2022-06-02,6000,1,13500,1
2022-06-03,0,0,22000,1
2022-06-08,0,0,83900,5
2022-06-09,0,0,157900,9
2022-06-10,550,1,0,0
2022-06-16,240000,1,0,0
2022-06-17,0,0,49000,3
2022-06-20,0,0,110200,7
2022-06-21,0,0,239500,6
2022-06-22,0,0,292050,10
2022-06-23,0,0,19000,2
2022-06-24,0,0,324500,8
2022-06-27,0,0,813000,10
2022-06-28,0,0,938500,10
2022-06-29,0,0,937500,11
2022-06-30,280500,2,137500,11
2022-07-01,0,0,0,0
2022-07-04,368700,4,290700,6
2022-07-05,500,1,1035200,16
2022-07-06,0,0,871500,12
2022-07-07,0,0,675550,14
2022-07-13,0,0,296000,4
2022-07-14,0,0,198000,7
2022-07-15,0,0,453000,7
2022-07-18,12600,2,0,0
2022-07-19,0,0,18500,2
2022-07-21,25000,2,0,0
2022-07-29,13950,1,0,0
2022-08-01,0,0,0,0
2022-08-01,0,0,16500,2
2022-08-02,0,0,34500,2
2022-08-04,0,0,12300,3
2022-08-11,133250,3,0,0
2022-08-17,63000,8,0,0
2022-08-18,55500,2,0,0
2022-08-19,31350,3,0,0
2022-08-22,15950,3,0,0
2022-08-25,147300,4,0,0
2022-08-26,45000,1,0,0
2022-08-30,5000,1,0,0
2022-09-01,0,0,0,0
2022-09-01,0,0,44200,4
2022-09-02,0,0,114000,2
2022-09-05,400,1,0,0
2022-09-08,13750,1,0,0
2022-09-14,13800,2,0,0
2022-09-15,6000,1,76600,7
2022-09-16,20600,3,0,0
2022-09-19,0,0,28000,1
2022-09-20,0,0,47000,1
2022-09-21,0,0,48000,1
2022-09-22,140200,1,34450,2
2022-09-23,0,0,133000,5
2022-09-26,0,0,1600,1
2022-09-27,0,0,20500,2
2022-09-28,0,0,39400,3
2022-09-29,0,0,49000,2
2022-09-30,143950,7,0,0
2022-10-01,0,0,0,0
2022-10-06,4000,1,0,0
2022-10-07,3000,1,0,0
2022-10-13,140000,8,0,0
2022-10-14,15400,2,0,0
2022-10-17,31000,1,0,0
2022-10-20,80750,5,0,0
2022-10-21,26000,1,0,0
2022-10-24,0,0,21000,2
2022-10-27,57000,2,19500,1
2022-10-28,14700,3,0,0
2022-10-31,6500,1,0,0
2022-11-01,0,0,0,0
2022-11-03,145300,1,0,0
2022-11-04,250,1,0,0
2022-11-07,0,0,16250,1
2022-11-08,0,0,26500,5
2022-11-10,0,0,11500,2
2022-11-24,2000,1,19500,2
2022-12-01,0,0,0,0
2022-12-01,0,0,565250,4
2022-12-02,97350,1,397000,10
2022-12-05,98200,1,0,0
2022-12-06,99700,2,0,0
2022-12-07,94150,3,0,0
2022-12-08,62500,6,0,0
2022-12-09,139450,1,110000,1
2022-12-12,116650,1,85000,1
2022-12-13,100100,1,79000,1
2022-12-14,139600,1,83000,1
2022-12-16,44400,2,57500,1
2022-12-19,14000,1,42000,2
2022-12-20,0,0,7000,2
2022-12-22,97000,2,6900,2
2022-12-23,550,1,0,0
2022-12-26,28000,1,0,0
2022-12-27,0,0,10000,1
2022-12-29,0,0,112600,4
2022-12-30,165600,3,111200,5
2022-12-31,141200,2,83800,4
2023-01-01,0,0,0,0
2023-01-03,0,0,117200,4
2023-01-04,0,0,181000,4
2023-01-05,0,0,308900,14
2023-01-06,0,0,71000,2
2023-01-09,0,0,130000,4
2023-01-10,0,0,94500,2
2023-01-11,0,0,72000,1
2023-01-12,0,0,128500,3
2023-01-13,0,0,566900,10
2023-01-16,0,0,53800,2
2023-01-17,0,0,67800,5
2023-01-18,0,0,53000,4
2023-01-19,32350,5,0,0
2023-01-20,203950,5,63000,1
2023-01-23,172650,5,81000,1
2023-01-24,106700,1,119000,2
2023-01-25,96000,1,190000,4
2023-01-27,3000,2,26000,1
2023-01-30,0,0,7200,1
2023-01-31,1000,1,8000,1
2023-02-01,0,0,0,0
2023-02-02,56400,10,0,0
2023-02-03,0,0,22000,1
2023-02-08,0,0,17000,1
2023-02-09,0,0,75000,2
2023-02-10,47850,2,70000,2
2023-02-13,41300,1,63000,2
2023-02-14,41100,1,118000,5
2023-02-15,40400,1,72000,4
2023-02-16,32500,1,62100,5
2023-02-17,100050,6,0,0
2023-02-21,0,0,7000,1
2023-02-22,0,0,15000,1
2023-02-23,4000,1,70000,2
2023-02-24,49050,3,26500,1
2023-02-27,0,0,36000,1
2023-02-28,0,0,69000,2
2023-03-01,0,0,0,0
2023-03-01,70000,1,14000,1
2023-03-02,122500,2,67250,3
2023-03-03,414250,6,0,0
2023-03-06,35000,1,0,0
2023-03-08,0,0,21000,1
2023-03-09,0,0,31500,2
2023-03-10,100000,1,100000,2
2023-03-13,55000,1,154900,3
2023-03-14,75000,1,129000,2
2023-03-15,30000,1,168900,5
2023-03-16,33000,1,102900,3
2023-03-17,87600,2,53700,3
2023-03-20,600,1,45000,1
2023-03-21,7300,2,40000,1
2023-03-22,87600,3,40000,1
2023-03-27,442500,3,396250,6
2023-03-28,272000,2,374350,6
2023-03-29,96000,1,156300,5
2023-03-30,27900,2,197900,6
2023-03-31,166000,1,140550,10
2023-04-01,0,0,0,0
2023-04-03,180000,1,1750,1
2023-04-04,225000,1,28500,2
2023-04-05,175000,1,222350,5
2023-04-06,0,0,39250,3
2023-04-07,24000,1,16650,4
2023-04-10,0,0,1050,1
2023-04-11,57900,4,5000,2
2023-04-12,164000,5,900,1
2023-04-13,0,0,22050,4
2023-04-14,0,0,6600,2
2023-04-17,0,0,550,1
2023-04-18,0,0,400,1
2023-04-19,79000,4,300,1
2023-04-20,0,0,76500,9
2023-04-26,123900,4,1050,1
2023-04-27,0,0,44950,6
2023-04-28,0,0,20900,2
2023-05-01,0,0,0,0
2023-05-02,0,0,126150,4
2023-05-03,0,0,104250,4
2023-05-04,0,0,50900,2
2023-05-05,0,0,251300,11
2023-05-08,0,0,83850,6
2023-05-09,0,0,186500,9
2023-05-10,0,0,315900,13
2023-05-11,6500,1,280400,13
2023-05-12,0,0,339250,6
2023-05-15,0,0,353200,5
2023-05-16,0,0,292900,5
2023-05-17,0,0,317500,6
2023-05-18,0,0,194600,5
2023-05-19,41800,7,18500,2
2023-05-22,3000,1,50500,2
2023-05-23,0,0,28500,2
2023-05-24,0,0,32500,2
2023-05-25,124000,5,21500,2
2023-05-26,0,0,46500,2
2023-05-29,0,0,40500,2
2023-05-30,0,0,55500,2
2023-05-31,657950,2,75600,3
2023-06-01,0,0,0,0
2023-06-01,0,0,47500,3
2023-06-02,0,0,492950,18
2023-06-05,0,0,400200,16
2023-06-06,0,0,19950,3
2023-06-07,0,0,86650,7
2023-06-08,0,0,67550,13
2023-06-09,276250,3,62500,2
2023-06-12,0,0,91400,4
2023-06-13,0,0,109300,5
2023-06-14,0,0,87300,4
2023-06-15,0,0,54000,3
2023-06-16,64000,3,13500,2
2023-06-19,278400,4,36750,3
2023-06-20,0,0,65950,6
2023-06-21,0,0,236050,12
2023-06-22,475950,4,360250,10
2023-06-23,0,0,226000,4
2023-06-26,15500,2,130800,3
2023-06-27,99000,3,125100,4
2023-06-30,0,0,142800,4
2023-07-01,0,0,0,0
2023-07-04,175100,6,84600,3
2023-07-05,82000,2,42900,4
2023-07-06,0,0,100050,7
2023-07-07,0,0,64950,3
2023-07-10,0,0,89650,3
2023-07-11,0,0,99050,3
2023-07-12,50000,1,116450,3
2023-07-13,15000,1,55700,2
2023-07-14,0,0,96800,5
2023-07-17,0,0,150800,5
2023-07-18,0,0,89450,3
2023-07-19,0,0,95500,3
2023-07-20,0,0,158650,6
2023-07-21,2000,1,1006200,12
2023-07-24,0,0,1002800,12
2023-07-25,0,0,838950,14
2023-07-26,0,0,1079500,17
2023-07-27,0,0,63450,8
2023-07-31,0,0,54650,3
2023-08-01,0,0,0,0
2023-08-01,0,0,386850,14
2023-08-02,0,0,403850,12
2023-08-03,0,0,1518800,20
2023-08-04,45500,1,617450,7
2023-08-07,43250,1,368350,5
2023-08-08,43250,1,366550,5
2023-08-09,42250,1,425150,5
2023-08-10,488650,7,15350,3
2023-08-11,24350,2,104350,3
2023-08-15,80350,3,16550,3
2023-08-16,78900,3,650,1
2023-08-17,14000,3,24350,3
2023-08-18,0,0,64250,3
2023-08-21,0,0,257950,9
2023-08-22,0,0,244950,5
2023-08-23,0,0,208950,5
2023-08-24,1042450,3,354650,8
2023-08-25,0,0,381850,9
2023-08-28,0,0,9000,4
2023-08-29,0,0,13550,3
2023-08-30,0,0,2050,3
2023-08-31,4000,1,43050,4
2023-09-01,0,0,0,0
2023-09-01,0,0,586950,6
2023-09-04,0,0,566050,8
2023-09-05,0,0,645650,10
2023-09-06,0,0,483450,12
2023-09-07,572350,3,1138000,14
2023-09-08,0,0,1396850,15
2023-09-11,0,0,1316200,14
2023-09-12,0,0,3100,2
2023-09-13,0,0,36850,5
2023-09-14,0,0,54450,10
2023-09-15,56150,1,1057100,10
2023-09-18,36500,1,1071450,10
2023-09-19,37150,1,1239200,14
2023-09-20,30350,1,1203000,13
2023-09-21,103250,3,1197700,9
2023-09-22,6000,1,1013200,14
2023-09-25,0,0,600,1
2023-09-26,0,0,600,1
2023-09-27,0,0,8600,3
2023-09-28,34400,5,156100,4
2023-09-30,0,0,5000,1
2023-10-01,0,0,0,0
2023-10-02,120000,1,562000,5
2023-10-03,0,0,286600,3
2023-10-04,0,0,325600,3
2023-10-05,93650,1,179800,4
2023-10-06,25000,1,209600,3
2023-10-09,142000,1,184600,3
2023-10-10,51000,1,56600,2
2023-10-11,157440,5,92600,2
2023-10-12,372250,5,83600,3
2023-10-13,0,0,133600,2
2023-10-16,0,0,105600,2
2023-10-17,0,0,130600,2
2023-10-18,0,0,143600,2
2023-10-19,83600,3,191600,3
2023-10-20,145550,5,189600,3
2023-10-23,176000,1,210600,3
2023-10-24,142000,1,203800,4
2023-10-25,101000,1,208350,5
2023-10-26,146700,2,302600,6
2023-10-27,39000,1,270100,4
2023-10-30,0,0,391400,6
2023-10-31,0,0,487600,5
2023-11-01,0,0,0,0
2023-11-01,0,0,457600,5
2023-11-02,0,0,433800,8
2023-11-03,49700,4,253600,3
2023-11-06,101150,1,243600,3
2023-11-07,116200,3,245300,4
2023-11-08,207500,11,169100,4
2023-11-10,75100,3,124400,3
2023-11-13,100500,2,99500,3
2023-11-14,0,0,121900,4
2023-11-15,0,0,105600,2
2023-11-16,117000,2,428800,7
2023-11-17,0,0,115600,2
2023-11-20,1200,1,102600,2
2023-11-21,0,0,85600,2
2023-11-22,0,0,93650,3
2023-11-23,7000,1,105500,5
2023-11-24,77550,2,94600,2
2023-11-27,80000,1,102600,2
2023-11-28,0,0,86600,2
2023-11-29,5500,1,85600,2
2023-11-30,0,0,84550,3
2023-12-01,0,0,0,0
2023-12-01,22550,3,92550,2
2023-12-04,216900,5,84550,2
2023-12-05,0,0,94450,2
2023-12-06,0,0,86450,2
2023-12-07,57500,2,60400,2
2023-12-08,0,0,117400,2
2023-12-11,0,0,100400,2
2023-12-12,0,0,125300,2
2023-12-13,0,0,139300,2
2023-12-14,950200,5,645400,6
2023-12-15,0,0,463350,8
2023-12-18,0,0,398150,5
2023-12-19,0,0,388250,5
2023-12-20,0,0,431950,7
2023-12-21,162000,3,339850,5
2023-12-22,0,0,378950,4
2023-12-26,30500,2,302850,4
2023-12-27,0,0,287100,4
2023-12-28,0,0,654900,5
2023-12-29,421550,8,774750,5
2023-12-30,21500,3,0,0
2023-12-31,0,0,16700,5
2024-01-01,0,0,0,0
2024-01-02,0,0,653050,4
2024-01-03,0,0,749000,6
2024-01-04,0,0,1015190,15
2024-01-05,105000,1,632200,3
2024-01-08,182000,1,671200,3
2024-01-09,203900,2,658200,3
2024-01-10,269200,2,637200,3
2024-01-11,303150,2,459200,3
2024-01-12,0,0,467000,5
2024-01-15,0,0,464500,4
2024-01-16,0,0,406400,4
2024-01-17,0,0,328200,3
2024-01-18,114300,3,355450,4
2024-01-19,53800,2,401200,3
2024-01-22,0,0,327200,3
2024-01-23,0,0,395200,3
2024-01-24,0,0,376200,3
2024-01-25,135000,2,406200,3
2024-01-26,348000,2,428200,3
2024-01-29,291000,1,445200,3
2024-01-30,261500,1,413200,3
2024-01-31,261000,1,389150,5
2024-02-01,0,0,0,0
2024-02-01,295950,2,371200,4
2024-02-02,0,0,325150,3
2024-02-06,0,0,325150,3
2024-02-07,10000,1,346150,3
2024-02-09,0,0,394150,3
2024-02-12,0,0,418650,4
2024-02-13,2000,1,430650,4
2024-02-14,0,0,476150,4
2024-02-15,0,0,412150,4
2024-02-16,137800,6,342150,3
2024-02-19,37800,3,278150,3
2024-02-20,0,0,278150,3
2024-02-21,0,0,251150,3
2024-02-22,0,0,283150,3
2024-02-23,0,0,369150,4
2024-02-26,0,0,338250,5
2024-02-27,0,0,336150,4
2024-02-28,0,0,514550,11
2024-02-29,42600,4,5300,3
2024-03-01,0,0,0,0
2024-03-01,0,0,304150,3
2024-03-04,0,0,248150,3
2024-03-05,0,0,245150,3
2024-03-06,0,0,249150,3
2024-03-07,112000,2,244150,3
2024-03-08,2000,1,296150,3
2024-03-11,0,0,222650,4
2024-03-13,0,0,166650,4
2024-03-14,214850,7,187150,3
2024-03-15,0,0,331150,3
2024-03-18,0,0,299150,3
2024-03-19,0,0,370150,3
2024-03-20,1050,1,348150,3
2024-03-21,9600,1,146350,4
2024-03-22,17000,2,152150,2
2024-03-25,0,0,129150,2
2024-03-26,0,0,99150,2
2024-03-27,0,0,108100,2
2024-03-28,257850,7,124550,5
2024-03-29,168850,3,150350,3
2024-04-01,0,0,0,0
2024-04-01,0,0,158500,4
2024-04-02,700,1,298850,6
2024-04-03,0,0,127150,2
2024-04-04,140000,3,108150,2
2024-04-05,66000,2,124750,3
2024-04-08,103350,1,135350,5
2024-04-09,120700,1,296350,16
2024-04-15,0,0,141150,3
2024-04-16,0,0,120150,2
2024-04-17,0,0,283450,5
2024-04-18,272500,1,170150,3
2024-04-19,142100,3,188150,2
2024-04-22,120250,3,121150,2
2024-04-23,100250,5,99150,2
2024-04-24,84650,3,114150,2
2024-04-25,264850,9,91150,2
2024-04-26,55350,2,160150,2
2024-04-29,31000,2,216150,2
2024-04-30,0,0,168150,3
2024-05-01,0,0,0,0
2024-05-02,114400,8,160150,2
2024-05-03,134000,2,158150,2
2024-05-06,90000,1,166150,2
2024-05-07,120000,1,171150,2
2024-05-08,85000,1,152150,2
2024-05-09,5150,1,216300,5
2024-05-10,5500,1,174150,2
2024-05-13,0,0,160150,2
2024-05-14,0,0,143150,2
2024-05-15,0,0,151150,2
2024-05-16,0,0,160150,2
2024-05-17,72000,1,162150,2
2024-05-20,0,0,181150,3
2024-05-21,0,0,131150,2
2024-05-22,0,0,130150,2
2024-05-23,102100,3,129150,2
2024-05-24,0,0,151150,2
2024-05-27,0,0,137650,2
2024-05-29,0,0,170150,2
2024-05-30,176200,3,155650,3
2024-05-31,0,0,255050,5
2024-06-01,0,0,0,0
2024-06-03,0,0,206150,3
2024-06-04,0,0,64150,3
2024-06-05,0,0,139650,6
2024-06-06,0,0,199450,9
2024-06-07,62700,7,225150,2
2024-06-10,5750,2,212150,2
2024-06-11,4000,1,288150,2
2024-06-12,0,0,194150,2
2024-06-13,460300,2,216850,4
2024-06-14,54000,3,153250,3
2024-06-20,270250,9,161250,2
2024-06-21,0,0,176250,3
2024-06-24,0,0,243250,4
2024-06-25,0,0,253250,3
2024-06-26,0,0,438300,6
2024-06-27,60500,1,360800,5
2024-06-28,11500,2,295200,4
2024-06-29,0,0,170000,1
2024-06-30,0,0,143800,6
2024-07-01,0,0,0,0
2024-07-02,5000,1,140400,4
2024-07-03,0,0,149000,4
2024-07-04,1000,1,101150,5
2024-07-05,0,0,347600,4
2024-07-08,0,0,360550,4
2024-07-09,0,0,334400,3
2024-07-10,0,0,270350,2
2024-07-11,0,0,208300,2
2024-07-12,32000,1,204300,2
2024-07-15,103000,4,195100,3
2024-07-18,259050,13,190300,2
2024-07-19,15000,1,264300,3
2024-07-22,0,0,265300,2
2024-07-23,0,0,315300,4
2024-07-24,0,0,275300,2
2024-07-25,177700,7,302300,2
2024-07-26,112500,4,290300,2
2024-07-29,32800,3,245300,2
2024-07-30,70300,6,330300,2
2024-07-31,103750,6,291800,3
2024-08-01,0,0,0,0
2024-08-01,92600,2,257700,4
2024-08-02,236150,9,248300,2
2024-08-05,0,0,285300,2
2024-08-06,0,0,287600,3
2024-08-07,0,0,325300,2
2024-08-08,205000,1,303300,4
2024-08-09,103750,1,316900,4
2024-08-12,50000,1,285300,2
2024-08-13,123000,1,305300,2
2024-08-15,289250,1,315400,5
2024-08-16,67300,4,338300,3
2024-08-19,0,0,295300,2
2024-08-20,0,0,280300,2
2024-08-21,0,0,293300,2
2024-08-22,220000,3,357300,3
2024-08-23,199000,1,383300,3
2024-08-26,96000,1,360500,3
2024-08-27,0,0,385300,3
2024-08-28,0,0,425300,3
2024-08-29,6000,1,343650,4
2024-08-30,77700,3,291800,3
2024-09-01,0,0,0,0
2024-09-02,102330,1,310300,2
2024-09-03,107400,1,256300,2
2024-09-04,86900,1,287300,2
2024-09-05,0,0,283300,3
2024-09-06,736000,8,315300,2
2024-09-09,0,0,325300,3
2024-09-10,0,0,314300,3
2024-09-11,0,0,343300,3
2024-09-12,72800,9,255800,3
2024-09-13,0,0,318300,3
2024-09-16,0,0,260300,3
2024-09-18,10000,2,195300,2
2024-09-19,0,0,276800,4
2024-09-20,0,0,296000,3
2024-09-23,0,0,303600,3
2024-09-24,0,0,387550,6
2024-09-25,12000,1,367750,7
2024-09-26,0,0,396600,11
2024-09-27,104400,4,312250,3
2024-09-30,204150,9,492250,6
2024-10-01,0,0,0,0
2024-10-01,44000,1,303050,4
2024-10-02,18000,1,309250,4
2024-10-03,22000,1,301750,4
2024-10-04,185500,12,305250,2
2024-10-07,0,0,321250,3
2024-10-08,0,0,377450,6
2024-10-09,0,0,446900,9
2024-10-10,600,1,706700,15
2024-10-11,24250,2,295250,2
2024-10-14,47000,1,285250,2
2024-10-15,46000,2,287250,2
2024-10-16,190000,2,296850,3
2024-10-17,195000,1,298150,3
2024-10-18,61000,2,233150,3
2024-10-21,364000,3,239250,3
2024-10-22,259500,2,203250,3
2024-10-23,178250,2,183450,4
2024-10-24,301100,5,132250,3
2024-10-25,8600,1,170250,2
2024-10-28,0,0,155250,2
2024-10-29,0,0,180250,3
2024-10-30,0,0,154250,2
2024-10-31,247300,2,112250,3
2024-11-01,0,0,0,0
2024-11-01,0,0,131250,4
2024-11-04,0,0,215250,4
2024-11-05,72650,5,117250,3
2024-11-06,91500,4,130250,3
2024-11-07,640960,12,18250,2
2024-11-08,0,0,44250,3
2024-11-11,0,0,51250,4
2024-11-12,0,0,62300,4
2024-11-13,0,0,67350,4
2024-11-14,235000,4,165250,2
2024-11-15,0,0,203850,5
2024-11-18,26950,2,179750,3
2024-11-19,20000,1,158250,2
2024-11-20,39000,3,124250,3
2024-11-21,289500,5,165250,2
2024-11-22,96000,1,195250,2
2024-11-25,30500,1,155250,2
2024-11-26,0,0,180250,3
2024-11-27,0,0,165250,3
2024-11-28,198500,2,338800,4
2024-11-29,117950,3,387500,4
2024-12-01,0,0,0,0
2024-12-02,178600,3,292300,2
2024-12-03,206700,5,320300,2
2024-12-04,291000,3,300300,2
2024-12-05,608750,10,335300,2
2024-12-06,494000,1,403200,4
2024-12-09,495150,1,392450,4
2024-12-10,292000,1,338300,2
2024-12-11,260000,1,358300,2
2024-12-12,187700,4,355250,2
2024-12-13,504000,2,355300,2
2024-12-16,500700,5,340300,2
2024-12-17,715800,10,305250,2
2024-12-18,3000,1,268250,2
2024-12-19,419300,9,210300,2
2024-12-20,100000,1,312300,2
2024-12-23,18000,2,315250,3
2024-12-24,35100,2,336250,3
2024-12-26,0,0,463650,4
2024-12-27,800,1,464050,4
2024-12-30,22000,1,456350,3
2024-12-31,35250,4,55900,3
2025-01-02,0,0,0,0
2025-01-02,0,0,89300,9
2025-01-03,114000,1,464800,3
2025-01-06,0,0,436800,3
2025-01-07,10000,1,440200,2
2025-01-08,0,0,450200,2
2025-01-09,43500,2,615200,2
2025-01-10,91000,1,540200,2
2025-01-13,227000,5,590200,2
2025-01-14,88000,2,495200,2
2025-01-15,192000,3,520200,2
2025-01-16,1020500,12,448200,2
2025-01-17,3500,1,555200,2
2025-01-20,0,0,490200,2
2025-01-21,0,0,534200,2
2025-01-22,0,0,570200,3
2025-01-23,0,0,646800,5
2025-01-24,15750,2,405200,2
2025-01-27,0,0,425200,2
2025-01-28,44700,4,405200,2
2025-01-29,0,0,370200,2
2025-01-30,600,1,424300,10
2025-01-31,0,0,384400,3
2025-02-01,0,0,0,0
2025-02-03,6000,1,340200,2
2025-02-04,0,0,305200,2
2025-02-06,0,0,275200,2
2025-02-07,0,0,314100,4
2025-02-10,15100,1,235200,2
2025-02-11,74500,2,240200,2
2025-02-12,76600,1,245200,2
2025-02-13,675400,13,210200,3
2025-02-14,107150,1,230200,2
2025-02-17,107100,1,208200,2
2025-02-18,135100,2,230200,2
2025-02-19,153000,1,212200,2
2025-02-20,459000,2,200200,2
2025-02-21,0,0,190200,2
2025-02-24,0,0,155200,2
2025-02-25,0,0,145200,2
2025-02-26,0,0,180200,3
2025-02-27,3000,2,319300,8
2025-02-28,161500,1,183300,3
2025-03-01,0,0,0,0
2025-03-04,296200,5,135200,2
2025-03-05,321800,6,152200,2
2025-03-06,595000,4,263200,3
2025-03-07,324650,3,346600,4
2025-03-10,300000,1,290200,2
2025-03-11,289500,3,320200,2
2025-03-12,212300,2,209200,3
2025-03-13,483150,7,238800,3
2025-03-14,406000,1,242200,4
2025-03-17,332000,1,222200,3
2025-03-18,300500,3,246100,3
2025-03-19,295000,1,257200,2
2025-03-20,0,0,180400,4
2025-03-21,99950,6,250000,1
2025-03-24,124000,3,195000,1
2025-03-25,52600,2,187000,1
2025-03-26,39000,2,210000,1
2025-03-27,183550,5,212500,1
2025-03-28,467600,4,246300,3
2025-03-29,503450,7,226000,1
2025-04-01,0,0,0,0
2025-04-03,13500,1,207600,2
2025-04-04,0,0,267600,3
2025-04-07,740800,1,263900,2
2025-04-08,505000,1,315000,3
2025-04-09,454000,1,267000,2
2025-04-10,17700,3,269400,4
2025-04-11,141800,2,165000,1
2025-04-14,204200,2,215000,1
2025-04-15,167150,1,175000,1
2025-04-16,177400,1,165000,1
2025-04-17,57000,2,345000,2
2025-04-18,175000,1,215000,1
2025-04-21,109000,1,185000,1
2025-04-22,115000,1,165000,1
2025-04-23,38000,3,135000,1
2025-04-24,315500,8,150000,1
2025-04-25,350000,1,189000,1
2025-04-28,91600,1,160000,1
2025-04-29,0,0,210000,1
2025-04-30,0,0,106000,3
2025-05-01,0,0,0,0
2025-05-02,59150,1,154000,2
2025-05-05,63800,2,156000,1
2025-05-06,115550,2,189000,1
2025-05-07,194900,7,146000,1
2025-05-08,559550,14,128000,2
2025-05-09,67500,1,169000,1
2025-05-12,115600,1,145000,1
2025-05-13,25700,1,155000,1
2025-05-14,0,0,160000,1
2025-05-15,0,0,110000,1
2025-05-16,29500,2,115000,1
2025-05-19,150100,2,63000,1
2025-05-20,0,0,60000,1
2025-05-21,24400,1,60000,1
2025-05-22,322500,4,25000,1
2025-05-23,7400,1,58000,1
2025-05-26,0,0,67000,1
2025-05-27,0,0,96800,5
2025-05-29,0,0,97500,2
2025-05-30,212350,4,151000,2
2025-06-01,0,0,0,0
2025-06-02,259150,7,105000,1
2025-06-03,255850,6,0,0
2025-06-04,418500,9,0,0
2025-06-05,158300,7,24000,1
2025-06-10,0,0,30300,2
2025-06-11,0,0,51400,2
2025-06-12,0,0,118700,4
2025-06-13,4000,1,50000,2
2025-06-16,120150,7,105000,3
2025-06-17,179350,6,96000,2
2025-06-18,694100,3,75000,1
2025-06-19,1054600,8,102000,2
2025-06-20,0,0,193400,5
2025-06-23,0,0,251000,4
2025-06-24,0,0,422700,6
2025-06-25,0,0,1455000,10
2025-06-26,0,0,1529000,6
2025-06-27,201950,6,52000,1
2025-06-30,309800,5,102300,6
2025-07-01,0,0,0,0
2025-07-02,26200,3,70000,1
2025-07-03,198000,3,99600,3
2025-07-04,51200,1,85000,1
2025-07-07,36000,1,61000,1
2025-07-08,55500,2,43000,1
2025-07-09,0,0,37000,1
2025-07-10,114000,3,34000,1
2025-07-11,30000,1,113000,1
2025-07-14,40000,1,65000,1
2025-07-15,111000,3,92000,1
2025-07-16,229000,2,62000,1
2025-07-17,225400,6,83000,1
2025-07-18,209500,3,75000,1
2025-07-21,160200,1,67000,1
2025-07-22,166600,1,51000,1
2025-07-23,137000,1,52000,1
2025-07-24,100,1,52000,1
2025-07-25,0,0,103000,1
2025-07-28,0,0,167000,2
2025-07-29,0,0,225200,6
2025-07-30,0,0,358050,7
2025-07-31,0,0,330500,7
2025-08-01,0,0,0,0
2025-08-01,189350,1,80000,1
2025-08-04,21050,1,60000,1
2025-08-05,0,0,58000,1
2025-08-06,0,0,22000,1
2025-08-07,6000,1,72000,1
2025-08-08,1000,1,55000,1
2025-08-11,76750,1,71000,1
2025-08-12,56750,1,45000,1
2025-08-13,170200,5,12500,3
2025-08-15,5000,1,77000,2
2025-08-18,9400,2,67000,1
2025-08-19,15000,1,20000,1
2025-08-20,0,0,0,0
2025-08-21,180000,1,0,0
2025-08-22,0,0,67000,2
2025-08-25,0,0,0,0
2025-08-26,0,0,100000,2
2025-08-27,0,0,109700,5
2025-08-28,0,0,346900,11
2025-08-29,2000,1,8900,1
2025-08-31,5000,1,0,0
2025-09-01,0,0,0,0
2025-09-01,11000,1,124900,2
2025-09-02,0,0,35000,1
2025-09-03,0,0,40000,1
2025-09-04,40000,1,0,0
2025-09-05,58000,1,37000,1
2025-09-08,0,0,10000,1
2025-09-11,359800,12,0,0
2025-09-12,0,0,53000,1
2025-09-15,0,0,28000,1
2025-09-19,42100,1,0,0
2025-09-22,40100,1,0,0
2025-09-23,7500,1,0,0
2025-09-24,25050,1,0,0
2025-09-25,154150,7,0,0
2025-09-26,18000,2,0,0
2025-09-29,0,0,0,0
2025-09-30,160550,1,76500,5
2025-10-01,0,0,0,0
2025-10-01,88200,2,0,0
2025-10-02,651000,3,33000,1
2025-10-07,0,0,44900,2
2025-10-08,0,0,72300,3
2025-10-09,0,0,84000,8
2025-10-10,0,0,25000,1
2025-10-13,10000,1,0,0
2025-10-14,0,0,0,0
2025-10-15,142500,1,0,0
2025-10-16,424000,2,0,0
2025-10-17,55000,1,0,0
2025-10-20,0,0,18000,1
2025-10-21,0,0,12000,1
2025-10-22,0,0,115000,3
2025-10-23,0,0,160200,5
2025-10-24,0,0,7000,1
2025-10-27,0,0,24000,1
2025-10-28,0,0,89300,3
2025-10-29,0,0,214900,5
2025-10-30,0,0,146300,4
2025-10-31,193350,2,228200,2
2025-11-01,0,0,0,0
2025-11-03,175000,1,8000,1
2025-11-04,133500,1,0,0
2025-11-05,76000,1,0,0
2025-11-06,0,0,65800,4
2025-11-11,0,0,10000,1
2025-11-13,700,1,23000,1
2025-11-14,105400,1,0,0
2025-11-17,214000,1,30000,1
2025-11-18,243000,2,0,0
2025-11-19,351500,2,0,0
2025-11-20,0,0,38000,4
2025-11-21,700,1,10000,1
2025-11-25,0,0,73500,2
2025-11-26,0,0,86500,2
2025-11-27,0,0,183000,2
2025-11-28,245500,1,160500,2
2025-11-29,22000,2,0,0
2025-12-01,0,0,0,0
2025-12-01,197000,1,100000,2
2025-12-02,145200,1,75000,1
2025-12-03,100000,1,35000,1
2025-12-04,101000,1,32500,2
2025-12-05,0,0,28500,2
2025-12-08,0,0,59500,3
2025-12-09,0,0,20000,1
2025-12-10,0,0,102500,2
2025-12-11,0,0,1000,1
2025-12-12,0,0,43000,1
2025-12-15,5000,1,13000,1
2025-12-16,30000,2,0,0
2025-12-17,65650,2,6000,1
2025-12-18,6500,1,9000,1
2025-12-22,0,0,38000,2
2025-12-23,0,0,30000,1
2025-12-24,0,0,28000,2
2025-12-26,140000,2,15000,1
2025-12-29,269600,5,0,0
2025-12-30,270500,3,35000,2
2025-12-31,1726800,11,53500,4
2026-01-01,0,0,0,0
2026-01-02,59500,1,40000,1
2026-01-06,7500,1,25000,1
2026-01-08,405000,1,12000,1
2026-01-09,3000,1,28000,3
2026-01-12,0,0,73000,2
2026-01-13,0,0,132000,3
2026-01-14,0,0,127000,3
2026-01-15,60000,8,0,0
2026-01-21,0,0,13000,1
2026-01-22,100000,1,100000,1
2026-01-23,0,0,110000,1
2026-01-26,0,0,85000,2
2026-01-27,0,0,84000,3
2026-01-28,0,0,236000,7
2026-01-29,0,0,258300,7
2026-01-30,101200,3,47600,2
2026-02-01,0,0,0,0
2026-02-02,86000,3,28000,1
2026-02-03,65000,2,0,0
2026-02-04,101500,1,10000,1
2026-02-06,0,0,51000,3
2026-02-09,5000,1,0,0
2026-02-10,12200,1,20000,1
2026-02-12,84000,1,28500,2
2026-02-13,155500,1,69000,2
2026-02-16,88100,1,37000,1
2026-02-17,121500,1,46000,1
2026-02-18,155000,1,89000,1
2026-02-20,154500,2,65000,1
2026-02-23,117100,2,20000,1
2026-02-24,14600,1,15000,1
2026-02-25,85200,1,0,0
2026-02-26,1000,1,30000,2
2026-02-27,130300,2,28800,2
2026-03-01,0,0,0,0
2026-03-02,137100,1,0,0
2026-03-03,163200,1,0,0
2026-03-04,160300,1,0,0
2026-03-05,130000,1,20000,1
2026-03-06,21700,3,2100,2
2026-03-09,88300,4,0,0
2026-03-10,97800,4,10000,1
2026-03-11,15000,1,0,0
2026-03-12,225900,8,1150,1
2026-03-13,0,0,98200,3
2026-03-16,0,0,95000,1
2026-03-17,0,0,21000,2
2026-03-18,0,0,77000,3
2026-03-19,2000,1,120200,5
2026-03-24,0,0,232100,4
2026-03-25,0,0,205000,4
2026-03-26,0,0,223200,6
2026-03-27,115400,3,35000,1
2026-03-30,130500,1,0,0
2026-03-31,662650,7,71600,3
2026-04-01,0,0,0,0
2026-04-01,0,0,29000,2
2026-04-02,390000,1,82000,2
2026-04-06,28800,1,20000,1
2026-04-07,0,0,43000,1
2026-04-08,0,0,30000,1
2026-04-09,0,0,150250,12
2026-04-10,10000,1,0,0
2026-04-16,530000,1,109500,1
2026-04-17,228100,2,11000,1
2026-04-20,218000,1,0,0
2026-04-21,0,0,46500,2
2026-04-22,0,0,91000,5
2026-04-23,0,0,214850,15
2026-04-24,265200,1,15000,1
2026-04-27,225000,2,0,0
2026-04-28,89500,1,23000,1
2026-04-29,41400,1,71000,2
2026-04-30,204500,1,83500,3
2026-05-01,0,0,0,0
2026-05-04,376500,7,0,0
2026-05-05,360000,3,0,0
2026-05-06,240000,1,72900,2
2026-05-07,196000,1,63400,5
2026-05-08,5300,1,0,0
2026-05-11,34600,1,0,0
2026-05-12,1000,1,0,0
2026-05-14,261000,1,0,0
2026-05-15,0,0,12000,1
2026-05-19,10300,2,0,0
2026-05-20,35000,2,0,0
2026-05-21,34500,4,0,0
2026-05-25,0,0,37250,2
2026-05-29,258400,7,39200,1
2026-06-01,0,0,0,0
2026-06-01,26000,2,0,0
2026-06-03,0,0,53000,1
2026-06-04,0,0,38500,2
2026-06-05,97500,1,0,0
2026-06-08,145500,2,0,0
2026-06-09,169900,1,0,0
2026-06-10,24200,1,0,0
2026-06-11,1148000,1,0,0
2026-06-12,135400,2,12000,1
2026-06-15,29500,2,0,0
2026-06-16,17900,1,0,0
2026-06-17,0,0,19000,1
2026-06-18,765500,3,700,1
2026-06-19,20000,1,0,0
2026-06-23,0,0,99000,1
2026-06-24,0,0,15300,2
2026-06-29,200000,1,422500,7
2026-06-30,1933000,8,108500,2
2026-07-02,0,0,65200,8
2026-07-03,214600,1,0,0
